Name	Count
Total count: 	1227
Gustaf;Gustaf	19
Bruzelius, Em.	13
Liljencrantz, Johan,;Westerman, Johan	13
Ugla, Samuel	13
Ahlberg, Daniel	12
Gjörwell, Carl Christoffersson,;Gjörwell, Carl Christopher,;Gjörwell, Karl Kristofer	 9
Kalm, Peter,;Kalm, Petrus	 9
Bergman, Torbern Olof	 7
Hedin, Sven A.	 7
Liung, Jacob Gustaf	 7
Svebilius, Olaus,;Swebilius, Olaus,;Swebilius, Olof,;Swebilius, Olov,;Svebilius, Olov	 7
Arndt, Johan,;Arndt, Johannes	 6
Bachmanson, Anders,;Bachmanson, Andreas,;Nordencrantz, Andreas	 6
Carl;Karl;Carl;Karl;Carl;Bernadotte, Jean Baptiste Jules,;Bernadotte, Jean Baptiste,;Karl Johan;Charles;Charles Jean,;Charles	 6
Clewberg, Abraham Niclas,;Clewberg-Edelcrantz, Abraham,;Edelcrantz, A. N.,;Edelcrantz, Abrah. N.	 6
Elfwing, Anders	 6
Hesselius, Anders,;Amicus Hyperboreus,;Angantyr Hejdrichsson,;Angantyr Hejdricksson,;Arngrim Hergrimson,;Hjalmar,;Hejdrichsson, Angantyr,;Hejdricksson, Angantyr,;Hergrimson, Arngrim,;Hyperboreus, Amicus	 6
Kullberg, H. A.	 6
Lagerbring, Swen,;Bring, Swen	 6
Spole, Andreas	 6
Baelter, Sven	 5
Cleve, Fredr. Aug.	 5
Dalin, Olof,;Dahlin, Olof,;Calviander, Calvus,;Calvus Calviander	 5
Flintberg, Jacob Albrekt	 5
Fuhrman, Stephanus,;Fuhrmann, Stephanus	 5
Grevesmöhlen, C. A.,;Grevesmöhlen, Karl August,;Grewesmöhlen, Carl August	 5
Hammarsköld, Lars	 5
Nordström, H. A.	 5
Rönnow Dublar, Magnus,;Dublar, Magnus Rönnow	 5
Rudbeck, Olof,;Rudbeck, Olof	 5
Ulrica Eleonora,;Ulrika Eleonora	 5
Bergius, Petrus Jonas	 4
Brag, Carl Joh.	 4
Celsing, Gustaf	 4
Celsius, Olavus O.	 4
Charles;Carl;Karl;Karl;Karl,;Carl	 4
Delén, Carl Erik,;Deleen, C.	 4
Fant, Erico Mich.;Fant, Erik Mikael,;Fant, Erik M.,;Fant, E. M.,;Fant, Ericus Michael,;Fant, Erik Michael,;Fant, Ericus M.,;Fant, Ericus Mich.,;Fant, Erik Mickel,;Fant, Er. Mik.;Fant, Eric Michaël;Fant, Ericus Michaël	 4
Hellenius, Carl Niclas,;Hellens, Carl Niklas von	 4
Hylander, Andreas,;Hylander, Andr.,;Hylander, Anders Svensson,;Hylander, Andreas Svenonis,;Hylander, Andreas Sven.	 4
Lafontaine, August,;Lafontaine, Aug.,;La Fontaine, Aug.,;Lafontaine, Auguste,;La Fontaine, Augustus,;Lafontaine, A.;Miltenberg,;Freier, Gustav,;Laphontainos, Augoustos	 4
Mickelsson, Hans,;Mikkelsen, Hans,;Cholʹberg, Ljudvig,;Michelsen, Hans,;Holberg, L.	 4
Pufendorf, Samuel,;Pufendorf, Sam. L. B. A.,;Pufendorff, Samuel von,;Pufendorfius, Samuel,;Pufendorf, Samuel,;Severinus de Monzambano,;Monzambano, Severinus de,;Puffendorf, Samuel;Basilius, Hyperetae	 4
Retzius, Anders Johan,;Retzius, Andreas Joannnes	 4
Rudbeck, T. G.	 4
Schiller, Friedrich,;Schiller, Fredric,;Schiller, Johann Christoph Friedrich von,;Shiler, Fridrikh,;Schiller, Friedrich Wilhelm Ernst von,;Schiller, Friedrich Wilhelm	 4
Scott, Sir Walter,;Scott, Walter	 4
Tessin, Carl Gustav	 4
Trozelius, Clas Bliechert,;Trozelius, Clas Bleckert,;Trozelius, Claes Bliechert,;Trozelius, Klas Blechert,;Trozeli, Claes Blechert,;Blechert Trozelius, Clas,;Trozelius, Clas Bl.	 4
Wallin, Johan Olov	 4
Af Schultén, Nathanael Gerhard	 3
Agardh, C. A.;C. A. A.,;Julius	 3
Axelsson, Axel	 3
Bellman, Carl Mikael,;Belʹman, K. M.,;Belʹman, Karl Mikaėl,;Belmans, Karls Mikaels,;Белман, Карл Микаел	 3
Benzelius, Eric	 3
Bergh, Axel Zach:son,;Ekman, Pehr L.	 3
Birgitta Birgersdotter,;Birgitta,;Birgitta von Schweden,;Birgitta Suecica,;Heliga Birgitta,;Brígida de Suecia,;Bridget,;Brigida di Svezia,;Brigide de Suecia,;Saint Bride,;Bride,;Birgitte,;Birgitta of Sweden,;Birgitta van Zweden,;Brigitta von Schweden	 3
Brahe, Erich,;Brahe, Erik	 3
Campe, J. H.	 3
Celsius, Andreas	 3
Celsius, Niicolaus Magni	 3
Cicero,;Cicéron,;Shīshirūn,;Cicerón, Marco Tulio	 3
Colling, Lars Joh.,;Colling, Lars,;L. C.	 3
Ekerman, Peter,;Ekerman, Per	 3
Fallén, Karl Fredrik,;Fallén, Carolo Fr.	 3
Florian	 3
Fougt, Henrik,;Fougt, Henr.;Fougt, Henricus	 3
Franzén, Franz Mikael,;Franzén, Franz Michael,;Franzén, Frans Mikael	 3
Frölich, Eva Margaretha	 3
Geer, Charles de,;De Geer, Carl	 3
Genlis, Stéphanie Félicité du Crest de Saint-Aubin de,;Genlis, Stéphanie Félicité Ducrest de Saint-Aubin de,;Genlis, Stéphanie Félicité de,;Genlis,;Genlis	 3
Gerhardus, Johannes	 3
Grönwall, Andreæ,;Grönwall, Andreas;Grönvall, Anders	 3
Gustaf;Gustaf;Gustav Adolf,;Gustaf Adolf,;Öfverste Gustafsson,;Överste Gustafsson,;Öfverste Gustavsson,;Överste Gustavsson,;Gustafsson,;Gustavsson	 3
Gustaf;Gustaf;Gustav Adolf,;Gustaf Adolf,;Öfverste Gustafsson,;Överste Gustafsson,;Öfverste Gustavsson,;Överste Gustavsson,;Gustafsson,;Gustavsson,;Gustaf;Gustaf	 3
Ihre, Joh.	 3
Krok, Samuel	 3
Kryger, Johan Fredric,;Publicola,;Sincerus,;Libertus	 3
L. L.	 3
Laurelius, Olavus Laurentii,;Laurelio, Olavo,;Laurelius, Oluff,;Olavo Laurelio	 3
Leopold, Carl Gust. af,;Leopold, C. G. af,;Leopoldt, Carl Gustaf,;Leopoldt, C. G.	 3
Löwenhielm, G.;G. L.	 3
Lutherus, Martinus,;Luther, Mårten,;Lutero, Martino,;Luther, Martti,;Luther, Morten	 3
Maro, Publius Vergilius,;Maro, P. Vergilius,;Vergilius Maro, P.,;Vergil,;Virgil,;Virgil;Vergilius,;Virgile,;Virgilio,;Virgilius,;Wergiliusz,;Virgilius Maro, Publius	 3
Melanderhjelm, Daniel,;Melander, Daniel	 3
Minor, Janus	 3
Mörk, Jacob	 3
Myle, Carl Johan de la	 3
Norberg, Mathias	 3
Olbers, Levinius,;Olbers, L.,;Olbers, L.	 3
Parthenophilus,;Spectator,;Gamander, Andr.,;M. O.	 3
Rhyzelius, Anders Olofsson	 3
Rudbeck, J. O.	 3
Schantz, Gust. von,;Schantz, G. von	 3
Schiller, Friedrich,;Schiller, Fredric,;Schiller, Johann Christoph Friedrich von,;Shiler, Fridrikh,;Schiller, Friedrich Wilhelm Ernst von,;Schiller, Friedrich Wilhelm,;Bruzelius, Em.	 3
Wallqvist, Olof	 3
Wetterhamn, Andreas	 3
Wilke, Samuel	 3
Abrahamsson Hülphers, Abraham	 2
Acrel, O.,;Acrell, O.	 2
Ballenstedt, J. G. J.;Stiernstolpe, Jonas Magnus,;Stjernstolpe, J. M.	 2
Bastholm, Kristian	 2
Bergsten, Ericus	 2
Berzelius Samuelsson, Jöns Jakob,;Berzelius, J. Jacob,;Berzelius, Jöns Jacob,;Berzelius, Jakob,;Berzelius, J. Jakob,;Berzelius, Jöns Jakob	 2
Billberg, Gustaf Johan,;Billberg, Gustavo Johanne,;Billberg, G. J.	 2
Bilmark, Johanne,;Bilmark, Johannes,;Billmark, Johan,;Billmark, Johannes	 2
Bladh, P. J.	 2
Boëthius, J. G.	 2
Boëtius, Jacob	 2
Botvidi, Johanne,;Johannes Botvidi,;Johannes Bothvidi,;Bothvidi, Johannes,;Bothvid, Johannes	 2
Brauner, Johan	 2
Burman, Erico,;Burman, Ericus,;Burman, Erik	 2
Campe, J. H.;Krutmejer, D.	 2
Christina,;Christina,;Cristina,;Cristina,;Christine de Suède,;Kristina Alexandra	 2
Creutzberg, Amadeus,;Creutzberg, Gottlieb,;Schütz, Philipp Balthasar Sinold von,;Faramond, Ludwig Ernst von,;Faramund, Ludwig Ernst von	 2
Cronstedt, Axel Frederic,;Cronstedt, Axel Friedrich von	 2
Dalton, Regina Maria	 2
De la Gardie, Jacob Gustaf,;De la Gardie, Jacob Gustaf Pontusson	 2
Ekmarck, Carl Eric,;Ekmarck, C. E.	 2
Elvius, Petrus	 2
Engeström, Gustav von,;Engeström, Gustave d'	 2
Fénelon, François de la Mothe,;Fénelon	 2
Friedrich;Frederik;Fredrik den store;Frederik,;Friedrich;Friedrich,;Frederick,;Frederick,;Frederic	 2
Fries, Elias Magnus	 2
Frietzcky, Claes	 2
Fritschius, Ahasverus,;Gottlob	 2
Gezelius, Johannes Georgii,;Gezelius, Johannes	 2
Gjörwell, Carl Christoffersson,;Gjörwell, Carl Christopher,;Gjörwell, Karl Kristofer,;Lagerbring, Swen,;Bring, Swen	 2
Goethe, J. W.;Göthe, Johann Wolfgang von,;Göthe, J. V.,;Goethe, W. von	 2
Grannsynt, Pehr,;Pehr Grannsynt,;Misoschismus	 2
Gröndahl, P.	 2
Gynther, Wilhelm	 2
Hadorphius, Johannes,;Hadorphius, Johan	 2
Hagberg, Karl Peter,;Hagberg, Carl Petter	 2
Halldin, Afton-bladet : en vecko-skrift af et sälskap i Stockholm Stockholm : Carlbohm	 2
Hedrén, Johan Jakob	 2
Herlicius, David	 2
Hermansson, Mattias von,;Hermansson, Mathias von,;Hermansson, Mathias v.,;Hermansson, M. v.	 2
Hermelin, S. G.	 2
Hoof, Jacobus Otto	 2
Jean de France	 2
Johannes Olai Dalecarlus,;Dalecarlus, Johannes Olai,;Olai, Johannes Dalecarius	 2
Kristian August,;Christian August	 2
La Motte-Fouqué, Friedrich de,;LaMotte Fouqué, Friedrich de,;Motte-Fouqué, Friedrich de la,;Fouqué, Friedrich Heinrich Karl de la Motte,;La Motte-Fouqué, Friedrich Heinrich Karl,;Motte Fouqué, Friedrich Heinrich Karl,;Fouque, Friedrich Heinrich,;Motte Fouque, Friedrich Heinrich,;Fouqué, F.,;Pellegrin	 2
Lannér, I.;I. L.	 2
Lantingshausen, Jacob Albrecht von	 2
Laurentius Olai Wallius,;Wallius, Lars Olofsson	 2
Lehnberg, M.	 2
Lenaeus, Johan Knut,;Lenaeus, Joannes Canuti	 2
Liljensparre, Nils Henric,;Liljensparre, Nils Henrik Aschan,;Sivers, Henrik von,;Sivers-Liljensparre, Henrik von	 2
Linnæus, Carolus,;Linnaeus, Carl,;Linneus, Carl,;Linné, Karl von,;Linné, Charles,;Linneo, Carlo,;Linnej, Karl	 2
Luther, Martin,;Luther, Martin,;Luther, Martin,;Luther, Martin,;Luther, Martin,;Luther, Martin,;Luther, Martin,;Luther, Martin,;Luther, Martin,;Luther, Martin,;Lutherus, Martinus,;Luther, Mårten,;Lutero, Martino,;Luther, Martti,;Luther, Morten	 2
Malmstedt, Anna Maria	 2
Manderström, Christoffer	 2
Melkorstadjedal, Magnus Andreae,;Claviger, Magnus Andreae	 2
Menalcas	 2
Mennander, Karl Fredrik,;Mennander, Carl Fredric,;Mennander, Carl Fridric	 2
Mörner, Adolph Göran	 2
Murbeck, Lorentz,;Muhrbeck, Lorenz,;Muhrbeck, Laurentius,;Murbeck, Lorenz,;Murbeck, Laurentius,;Muhrbeck, Lars,;Murbeck, Lars	 2
Nicander, A.,;Nicander, And.,;Nicander, Andr.,;A. N.	 2
Nordberg, Jöran,;Nordberg, Georg	 2
Nordin, Karl Gustaf	 2
Nyström, Påminnelser wid	 2
Odhelius, Erik Håkansson	 2
Palmblad, Vilhelm Fredr.,;Palmblad, Vilhelm Fr.,;Palmblad, Wilhelm Fredrik,;Palmblad, Wilhelm Fr.,;Palmblad, Guilielmus Fredericus,;Palmblad, V. F.;Palmblad, W. F.;Livijn, Clas Johan,;Livin, Clas,;Livijn, Claes,;Livin, Claes	 2
Porthan, Henricus Gabriel	 2
Rambach, Johann Jacob,;Rambach, J. J.;Rambach, Joh. Jac.	 2
Roberg, Laurentius	 2
Rosén von Rosenstein, Carl von,;Aurivillius, Carl	 2
Rothlieb, Carl Fredric,;Rothlieb, Carl Fr.	 2
Rothlieb, Carl Fredric,;Rothlieb, Carl Fr.,;Hammarsköld, Lars	 2
Rudeen, Torsten,;Rudeen, Torstanus	 2
Sachse, Michael,;Saxo, Michael	 2
Saltza, Evert von	 2
Scheffer, Johannes Gerhard,;Scheffer, John,;Scheffer, Jean,;Constantinus Opelius,;Scheffero Argent, Joanne	 2
Schenmark, J.	 2
Schopenhauer, Henriette Johanna,;Schopenhauer, Johanna Henriette Trosiener	 2
Schultz, David,;Schultz von Schulzenheim, David von,;Schulz von Schulzenheim, David von	 2
Sebaldt, Carl Fredrik,;Sebaldt, Carl Fredrich,;Sebaldt, Carl Friedrich	 2
Serenius, Jakob	 2
Seseman, Hans Jakob	 2
Silfverstolpe, Axel Gabriel	 2
Sjöborg, Nic. Henr.,;Sjöborg, Nils Henric,;Sjöborg, N. H.;Sjöborg, Nicolaus Henricus	 2
Skjöldebrand, A. F.	 2
Skjöldebrand, Erik,;Skjöldebrand, E.,;Brander, Eric,;Brander, E.,;Skjöldebrand, Eric	 2
Skytte, Laurentius	 2
Sostratus	 2
Stenbockius, Magnus,;Steinbock, Magnus,;Steenbock, Magnus	 2
Svederus, Magnus,;Swederus, M.;Svederus, M.	 2
Swedbergius, Jesperus,;Svedberg, Jesper	 2
Thorén, Thomas	 2
Törnflycht, Michael	 2
Tydelekurson, Mårten	 2
Voltaire, François de,;Voltaire, François Marie Arouet de,;Wolter,;Arouet, François Marie,;Huet, Monsieur	 2
Voltemat, Hinric Julius	 2
Von Höpken, Carl Fredrik	 2
Vörlund, Henricus	 2
Vossius, Gerardus Joannes,;Vossius, Gerhardus Johannis,;Vossius, Gerhardus Johannes,;Voss, Gerhard Johann,;Vos, Gerrit Janszoon,;Voss, Gerard	 2
Wahrman, S. N.	 2
Wallenius, Jacobus,;Wallenius, Jakob	 2
Wallenstråle, M. G.;Wallin, Martin Georg	 2
Waller, Erik	 2
Wallin, Josef Otto	 2
Warnmark, Petter Olufson	 2
Weber, Sophia Elisabeth,;Sophrosyne	 2
Weltzin, C.;Rutström, Carolin	 2
Wirsén, Gustaf Fredric	 2
Wistrand, A.;Lafontaine, August,;Lafontaine, Aug.,;La Fontaine, Aug.,;Lafontaine, Auguste,;La Fontaine, Augustus,;Lafontaine, A.;Miltenberg,;Freier, Gustav,;Laphontainos, Augoustos	 2
Acerbi, Joseph	 1
Achates	 1
Adlerbeth, Gudmund Göran,;Adlerbeth, G.,;Adlerbeth, G. G.	 1
Adlermark, Carl Gustaf,;Adlermark, C. G.	 1
Adolf Fredrik,;Adolf Friedrich	 1
Af Klint, Gustaf	 1
Af Schultén, Nathanael Gerhard,;Von Wolff, Christian,;Wolff, Christian,;Wolff, Christian,;Wolff, Christian Friedrich von,;Wolffen, Christian,;Wolfius, Christianus	 1
Ahlgren, Catharina,;Adelaide	 1
Ahlquist, Pehr,;Ahlquist, P.	 1
Åkerblad, J. D.,;Akerblad, J. D.	 1
Åkerland, Eric,;Åkerland, E.,;Creutz, Gustaf Filip,;Creutz, Gustav Filip	 1
Aleksey Mikhaylovich,;Aleksiei Mikhailovich,;Aleksej Michailovitj,;Alexis;Alexei Michailovitsh,;Алексей Михайлович Романов,;Романов, Алексей Михайлович,;Charles;Carl;Gråkappan	 1
Alethophilus;Eberhard, Christophorus	 1
Alexander;Alexander;Aleksandr;Aleksandr Pavlovič,;Aleksandr Pervyj,;Aleksanteri I	 1
Almkvists, Kārls Jūnass Lūve,;Almquist, Carl Jonas Love,;Almqvist, Carl Jonas Lovis,;Almqvist, Carl Jonas Ludvig,;Almqvist, C. J. L.;Almquist, C. J. L.;Almqvist, Karl Jonas Love,;Gustavi, Lewi,;Almquist, Karl Jonas Love,;Almkvist, K. I. L.,;Westermann, Carl	 1
Alström, Carl Johan	 1
Amwald, Georg,;Wald, Georg von,;Amwaldus, Georgius	 1
Andilly, Robert Arnauld d',;Serenius, Jakob,;Josefus,;Josephus,;Josefus, Flavius,;Josephus Flavius,;Flavius, Josephus,;Iosephus Flavius,;Yosefus Flavyus,;Yosef ben Matitjahu,;Yosef ben Matityahu,;Mickelsson, Hans,;Mikkelsen, Hans,;Cholʹberg, Ljudvig,;Michelsen, Hans,;Holberg, L.	 1
Angelin, Jöns Eric,;Angelini, Jöns Erik,;Angelin, Jöns Erik,;Angelin, J. E.;Versenius, Rimmon,;Rimmon Versenius	 1
Aphthonius,;Aphthonios,;Aphthonius sophista,;Priscianus Caesarensis,;Priscianus från Caesarea,;Priscian,;Priscien,;Scheffer, Johannes Gerhard,;Scheffer, John,;Scheffer, Jean,;Constantinus Opelius,;Scheffero Argent, Joanne,;Theon Sophista,;Theon Rhetor,;Theon, Aelius	 1
Appert, Charles	 1
Armfeldt, Gustaf Mauritz	 1
Arvidus Magni Rydaholmensis,;Månsson, Arvid,;Manson, Arvidh,;Månsson, Arfwidh,;Månsson (Magni), Arvid	 1
Askengren, J. G.	 1
Aspegren, G. Casten	 1
Åstrand, Johannes,;Åstrand, Johannes	 1
Atterbom, Pehr Daniel Amadeus,;Atterbom, P. D. A.	 1
Augustinus,;Augustine,;Agostino Aurelio,;Augustin,;Augustin of Hippo,;Augustinus av Hippo,;Augustin d'Hippone,;Avgustin	 1
Aurelius Upsaliensis, Aegidius,;Aurelio, Aegidio,;Aegidius Matthiæ Aurelius Upsaliensis,;Aegidio Aurelio Ubsal.	 1
Aurivillius, Peter Fabian,;Aurivillius, Petrus Fabian	 1
Baelter, Sven,;Kiesewetter, Godofredus	 1
Båld, Andreas,;Båld, Andreas A. Båld	 1
Barchius, Nils	 1
Bartholinus, Caspar,;Bartholinus, Casparus	 1
Baudewin, Johann	 1
Bauer, Johan Christ. Aug.,;Bauer, Joh. Chr. Aug.,;Carl;Charles;Charles;Kaarle;Rademine, C. E.	 1
Beckman, Johannes	 1
Beer, Wolfgang Dominikus	 1
Bellman, Johannes Arent,;Confucius,;Konfuzius,;Confucio,;Kong Fuzi,;Kon-fu-tse,;Konfutse,;Kong Qiu,;Kong Zhongni,;Kongzi,;Kong Zi,;Kong, Zi,;Kung-Tse,;K'ung tzŭ	 1
Benedicti, Haquinus	 1
Bentham, Jeremias,;Bentham, Jérémie	 1
Benzelius, Eric,;Dalin, Olof,;Dahlin, Olof,;Calviander, Calvus,;Calvus Calviander	 1
Benzelius, Gustaf	 1
Benzelius, Henric	 1
Benzelius, Henric,;Linnerius, Jonas P.,;Linnerius, Jonas Petri	 1
Berger, Christina Charlotta Ulrika,;Berger, Kristina Charlotta Ulrika	 1
Bergh, Olof Nilsson	 1
Bergwall, Mårten Christopher,;Bergwall, Martin Christopher,;Bergvall, Martin,;Bergwall, Mart. Christoph.	 1
Bernard,;Clairvaux, Bernhard av,;Bernard av Clairvaux,;Bernhard von Clairvaux,;Bernardus Claravallensis,;Bernard de Clairvaux	 1
Berneaud, Arsenne Thiebaut de	 1
Berquin, M.;Berquin,;Krutmejer, D.	 1
Besche, Isac Georg de	 1
Bexell, Sven Petter,;Bexell, S. P.	 1
Bielke, Clas,;Bielke, Klas,;Laurentius Olai Wallius,;Wallius, Lars Olofsson	 1
Bilberg, Gustav Otto,;Bilberg, Gustavus Otto	 1
Biskop Brask	 1
Björn, D. G.;Barca, Pedro Calderón de la,;De la Barca, Pero Calderon,;Calderón	 1
Bjurbäck, O.;O. B.,;Bjurback, O.	 1
Bleibetreu, Leander	 1
Blemmydes, Nikephorus,;Nikephoros Blemmydes,;Blemmidas, Nicephorus,;Blemmydēs, Nikēphoros,;Blemmydès, Nicéphore,;Βλεμμυδης, Νικηφορος	 1
Blom, Carl M.;Blom, Carolus M.	 1
Blume, Joh. Benj.;Pennefächtare, Lars,;Lars Pennefächtare	 1
Bonsdorff, Peter Adolph von	 1
Brecklingius, Fridericus,;Brekling, Fredrik,;Breckling, Fridericus,;Brecling, Friedrich	 1
Breda, Karl Fredrik von,;Hagberg, Karl Peter,;Hagberg, Carl Petter	 1
Brelin, Nicolaus Johannis,;Brelin, Nicolaus,;Bräckselius, Nils	 1
Bremer, Fredrica,;Bremer, Fredrike,;Bremer, F.,;Fr. Br.,;Br., Fr.,;Bremer, Fredrika,;Bremer, Fredrika,;Bremer, Fredrika,;Bremer, Fredrika	 1
Bremming, Jöns Olai,;Bremming, Joannes	 1
Bromell, Magnus,;Bromelius, Magnus	 1
Brunius, C. G.	 1
Brunius, C. G.;Liljegren, Jon	 1
Buhrmann, Gerhard	 1
Bunian, Johan,;Bunian, Johann,;Bunian, Johannes,;Bunjan, Johan,;Bunuyani, Yoane	 1
Bunyan, John,;Bunyan, John,;Bunyan, John,;Bunyan, John,;Bunyan, John,;Bunyan, John,;Bunyan, John,;Bunyan, John,;Bunyan, John,;Bunyan, John,;Bunyan, John,;Bunyan, John,;Bunyan, John,;Bunyan, John,;Bunyan, John,;Bunyan, John,;Bunyan, John,;Bunyan, John,;Bunyan, John,;Bunyan, John,;Bunyan, John,;Bunian, Johan,;Bunian, Johann,;Bunian, Johannes,;Bunjan, Johan,;Bunuyani, Yoane	 1
Bure, Anders	 1
Bureus, Johannes Thomae Agrivillensis,;Buræus, Johannes,;Bure, Johan	 1
Bureus, Olaus Engelberti	 1
Bürger, Gottfried Augustus,;Bürger, G. A.,;Bjurger, Gotfrid,;Bürgher, Gottfried Augustus	 1
Cabeljau, Johan,;Cabeljavius, Johannes	 1
Callimachus,;Callimachus Cyrenaeus,;Callimachus,;Callimachus Cyrenaicus,;Callimachus,;Kallimach,;Callimaco,;Calímaco,;Kallimakh,;Καλλίμαχος ο Κυρηναίος (π. 300-π. 240);Theocritus,;Theocritus Syracusanus,;Theokrit,;Théocrite,;Teocrito,;Teócrito,;Teokrit,;Teokryt,;Feokrit,;Tyrtaeus,;Turtaios,;Tyrtée,;Tirteo,;Salan, Nicolaus Jonæ,;Bion;Bion Smyrnæus,;Bion,;Mimnermus,;Simonides Ceus,;Simonides från Keos,;Pythagoras,;Pitágoras,;Musaeus,;Musaeus Grammaticus,;Museo,;Musée,;Theognis Megarensis,;Theognis of Megara,;Pseudo-Eratosthenes,;Hesiodus Ascraeus,;Hesiodic;Hesiodus,;Hesiod,;Hésiode,;Hesiod,;Esiodo,;Hesiode,;Hesiodes	 1
Campan,;Campan,;Campan, Henriette,;Collin, J. G.;Barrière, Jean François,;Ericsson, Gustaf	 1
Campe, J. H.;Rademine, C. E.	 1
Carelius, Olof,;Carelius, Olof Persson,;Carelius, O. P.	 1
Carl;Charles;Charles;Kaarle	 1
Carlsson, Edvard	 1
Cartesius, Renatus,;Dekart,;Cartesio, Renato,;Cartesius,;Descartes, Renatus	 1
Castéra, Jean	 1
Cato, Marcus Porcius,;Cato,;Cato,;Cato,;Caton	 1
Cederborg, H. Ph.	 1
Cederborgh, Fredrik,;Friherre Dolk	 1
Cederschjöld, Per Gustav,;Cederschiöld, Per Gustaf,;Cederschjöld, Pehr Gustav	 1
Celadon	 1
Cellarius, Christopher,;Cellarius, Christophorus	 1
Chaptal de Chanteloup, Jean Antoine Claude,;Chaptal, J. A.	 1
Chemnitz, Bogislav Philipp von,;Chemnitius, Bogislaus Philipp,;Hippolithus à Lapide,;Lapide, Hippolytus à	 1
Chenon, Leonh. Joh.	 1
Chydenius, Andreas,;Chydenius, And.;Chydenius, Antti,;A. C.	 1
Chytraeus, Nathanael,;Chyträus, Nathan,;Kochhaff, Nathan	 1
Chytraeus, Nathanael,;Chyträus, Nathan,;Kochhaff, Nathan,;Tiderus, Arvidus Johannis,;Nicolai, Olaus	 1
Clerck, Carolus,;Clerck, Carl	 1
Cleve, Fredr. Aug.,;Campe, J. H.	 1
Collin, J. G.	 1
Collin, S. J.;Piquenard, J. P.	 1
Comenius, Jan Amos,;Comenius, Johannes Amos,;Comenius, Joan Amos,;Komenský, Jan Amos	 1
Cottin, Marie-Sophie Risteau,;Cottin, Sophie Risteau,;Cottin,;Cottin	 1
Coxe, Wilhelm,;Coxe, William	 1
Crébillon fils,;Crébillon, Claude de,;Jolyot de Crébillon, Claude-Prosper,;Crébillon,;Crébilon	 1
Creutz, Gustaf Filip,;Creutz, Gustav Filip	 1
Cronhielm, Gustav,;Cronhielm, Gustavus	 1
Curcius, Quintus,;Curtius,;Curzio Rufo,;Rufus, Quintus Curtius,;Quinte-Curce	 1
d'Alembert, Jean le Rond,;Le Rond d'Alembert, Jean,;Rond d'Alembert, Jean le,;Alembert, Jean Lerond d',;Alembert, D'	 1
Dahl, Nils Hufvedsson,;Dal, Nicolaus,;N. H. D.,;N. D. H. F.,;Plutarch;Plutarque,;Plutarco,;Ploutarchus,;Plutarkos,;Plutark,;Plutarchus,;Ploutarchos,;Πλούταρχος,;Πλούταρχος;Ploutarchos	 1
Dahlgren, Carl Fredrik,;Dahlgren, C. F.;Dahlgren, C.	 1
Dalayrac, Nicolas-Marie,;d'Alayrac, Nicolas,;Bergh, Axel Zach:son,;Ekman, Pehr L.,;Vivetières, Benoît Joseph Marsollier des	 1
Darelli, Isaak af,;Darelli, Isac af,;Voltaire, François de,;Voltaire, François Marie Arouet de,;Wolter,;Arouet, François Marie,;Huet, Monsieur	 1
De la Gardie, Jacob Gustaf,;De la Gardie, Jacob Gustaf Pontusson,;Mörner, Carl,;Mörner af Tuna, Carl Carlsson,;Mörner af Tuna, Carl	 1
De La Salle, Adrien-Nicolas,;Salle, Adrien-Nicolas de la	 1
de Maupertuis,;Maupertius, Pierre Louis Moreau de,;Maupertius, Pierre L. de,;Maupertuis, P. L. de,;Moreau de Maupertuis, Pierre Louis,;Maupertuis, Pierre-Louis Moreau de,;Moreau, Pierre Louis,;Maupertuis, Pierre-Louis Moreau de	 1
De Montbreton, Jacques Marquet,;Marquet de Montbreton, Jacques,;Montbreton, Jacques Marquet de	 1
Defoe, Daniel,;Defoe, Daniel,;Defoe, Daniel,;Defoe, Daniel,;Defoe, Daniel,;Defoe, Daniel,;Defoe, Daniel,;Defoe, Daniel,;Defoe, Daniel,;Defoe, Daniel,;Defoe, Daniel,;Defoe, Daniel,;Defoe, Daniel,;Defoe, Daniel,;Defoe, Daniel,;Defoe, Daniel,;Defoe, Daniel,;Defoe, Daniel,;Defoe, Daniel,;Defoe, Daniel,;Defoe, Daniel,;Defoe, Daniel,;Defoe, Daniel,;Defo, Daniel,;Defo, Danijel,;De Foé, Daniel,;Foé, Daniel de,;Foé, Daniel,;Defō, D.,;Defo, Danijel	 1
Denell, Jöns Henrik,;Denell, Joan Hen.	 1
Depken, Liborius	 1
Desirée,;Clary, Desirée,;Desideria Eugenia Bernhardina,;Désirée,;Oscar;Oscar	 1
Döbelius, Johan Jacob	 1
Doddridge, P.	 1
Du Pan, Jacques Mallet,;Pan, Jacques Mallet du	 1
Düben, C. G. F.	 1
Duminil, François Guillaume Ducray-	 1
Dunckel, Maria Dorothea	 1
Dunckel, Maria Dorothea,;Strauss, Gerhard Friedrich Abraham,;Strauss, Fredrik,;Vitalis	 1
Eberhardt, J. H.	 1
Eggert, Joachim,;Eggert, Joachim Georg Nikolas,;Eggert, Joachim Georgii Nicolo,;Eggert, Joachim Nicolas,;Eggert, Joachim Nicolo,;Eggert, J.;Eggert, J. G. Nicolo,;Eggert, J. N.;Eggert, J. Nicolo,;Wallin, Johan Olov	 1
Ehrengranat, Adam	 1
Ehrenstråhle, David,;Nehrman, David,;Nehrman-Ehrenstråhle, David	 1
Ehrensvärd, August,;Von Arbin, Axel Magnus	 1
Ekelund, Jakob,;Ekelund, Johan,;Ekelund, J.	 1
Ekmanson, Joh. Sam.;Wieland, C. M.;Виланд, Кристофер	 1
Elzberg, Margareta	 1
Engeström, Johannes	 1
Envallsson, Carl Magnus	 1
Envallsson, Carl Magnus,;Gustaf;Gustaf	 1
Envallsson, Carl Magnus,;Philidor, François-André Danican,;Philidor, François André,;Philidor, André Danican,;Philedor,;Danican Philidor, François André,;Danican Philidor, André,;Philidor, F. D.	 1
Envallsson, Carl Magnus,;Voisenon,;Voisenon	 1
Erici, Ericus,;Helsingius, Ericus Erici	 1
Esberg, Johannes Anders,;Esbergio, Johanne,;Esbergius, Johannes,;Esbergius, Johan,;Esberg, Johan	 1
Essen, Fredrik Ulrik von	 1
Euripide,;Ευριπίδης	 1
Falck, Andreas,;Falck, Andreas Petri	 1
Falck, Johan Petersson,;Petersson Falck, Johan	 1
Fant, Erik Mikael,;Fant, Erik M.,;Fant, E. M.,;Fant, Ericus Michael,;Fant, Erik Michael,;Fant, Ericus M.,;Fant, Ericus Mich.,;Fant, Erik Mickel,;Fant, Er. Mik.;Fant, Eric Michaël;Fant, Ericus Michaël;Fant, Erico Mich.	 1
Fant, Erik Mikael,;Fant, Erik M.,;Fant, E. M.,;Fant, Ericus Michael,;Fant, Erik Michael,;Fant, Ericus M.,;Fant, Ericus Mich.,;Fant, Erik Mickel,;Fant, Er. Mik.;Fant, Eric Michaël;Fant, Ericus Michaël;Fant, Erico Mich.;Schröder, Johannes Henricus,;Schröder, Joh. Henr.,;Geijer, E. G.,;-ij-,;Geijer, Erik Gustav	 1
Fant, Erik Mikael,;Fant, Erik M.,;Fant, E. M.,;Fant, Ericus Michael,;Fant, Erik Michael,;Fant, Ericus M.,;Fant, Ericus Mich.,;Fant, Erik Mickel,;Fant, Er. Mik.;Fant, Eric Michaël;Fant, Ericus Michaël;Gjörwell, Carl Christoffersson,;Gjörwell, Carl Christopher,;Gjörwell, Karl Kristofer,;Fant, Erico Mich.	 1
Fernebom, Henric Denisson,;Fernebohm, Henric Denisson	 1
Fersen, Fredrik Axel von,;Fersen, Fredric Axel	 1
Fersen, Fredrik Axel von,;Fersen, Fredric Axel,;Adolf Fredrik,;Adolf Friedrich	 1
Fersen, Fredrik Axel von,;Fersen, Fredric Axel,;Rosén von Rosenstein, Nils,;Von Rosenstein, Nils	 1
Fioraventi	 1
Flintberg, Karl Henrik,;Flintberg, Carl Hindrich,;Flintberg, C. H.;Bernard, P.-J.,;Bernard, P. J.	 1
Florinus, Henrik,;Florinus, Ericus	 1
Fogdonius, Josephus Matthiae	 1
Forssén, Erik	 1
Franke, August Hermann,;Francke, August Herman,;Francke, A. H.	 1
Franzén, Franz Mikael,;Franzén, Franz Michael,;Franzén, Frans Mikael,;Rosén, Nicolai,;Rosén, Nicolao,;Rosén, Nils,;Rosén von Rosenstein, Nicholas,;Rosenstein, Nils Rosén von	 1
Franzén, Franz Mikael,;Franzén, Franz Michael,;Franzén, Frans Mikael,;Wallin, Johan Olov	 1
Fredrik,;Fredrik;Fredrik av Hessen,;Friedrich av Hessen	 1
Fredrik,;Fredrik;Fredrik av Hessen,;Friedrich av Hessen,;Tessin, Nikodemus,;Tessin, Nicodemus	 1
Frisk, Pehr	 1
Fritze, Johan Fredric	 1
Fröberg, J. P.	 1
From, Anders Anton,;Stjernman, Anders Anton von,;Stiernman, Anders Anton,;Stjernman, Anders Anton	 1
Fryxell, And.	 1
G. E.	 1
Gahm, Sigfrid Lorentz,;Uggla, Carl,;Uggla, Carl Fredrik Hildebrandsson,;Hildebrandsson Uggla, Carl Fredrik,;Uggla, Carl Hildebrandsson,;Hildebrandsson Uggla, Carl,;Uggla, C. H.,;Hillebrandsson Uggla, Carl Fredrik,;Uggla, Carl Hillebrandsson,;Hillebrandsson Uggla, Carl	 1
Gauf, Vilgelm	 1
Gedda, P. N. T.	 1
Geisz, Antonius Eenhorn von	 1
Genlis, Stéphanie Félicité du Crest de Saint-Aubin de,;Genlis, Stéphanie Félicité Ducrest de Saint-Aubin de,;Genlis, Stéphanie Félicité de,;Genlis,;Genlis,;Wahrman, S. N.	 1
Georgii, Carolus Frid.,;Georgii, Carol. Fred.	 1
Georgii, Carolus Frid.,;Georgii, Carol. Fred.,;Graffman, Johannes	 1
Georgii, Carolus Frid.,;Georgii, Carol. Fred.,;Nohrborg, Daniel,;Nohrborg, D.,;Nohrborg, D.;Norborg, Daniel	 1
Georgii, Thomas	 1
Gezelius, Johannes Georgii,;Gezelius, Johannes,;Curcius, Quintus,;Curtius,;Curzio Rufo,;Rufus, Quintus Curtius,;Quinte-Curce	 1
Gezelius, Johannes Georgii,;Gezelius, Johannes,;Tålpo, Simon Johannis	 1
Gezelius, Johannes Johannis	 1
Gezelius, Johannes Johannis,;Laurembergius, Petrus,;Laurenberg, Peter,;Laurenberg, Petrus,;Laurenbergius, Petrus	 1
Gibbon, Eduard	 1
Gigerus, Matthias	 1
Gjörwell, Carl Christoffersson,;Gjörwell, Carl Christopher,;Gjörwell, Karl Kristofer,;Aurivillius, Peter Fabian,;Aurivillius, Petrus Fabian	 1
Gjörwell, Carl Christoffersson,;Gjörwell, Carl Christopher,;Gjörwell, Karl Kristofer,;Fellenius, Jonas Reinholdus,;Fellenius, Jonas Reinhold.,;Fellenius, Jonas Reinh.,;Fellenius, J. R.,;Fellenius, J. R.;J. R. F.	 1
Gjörwell, Carl Christoffersson,;Gjörwell, Carl Christopher,;Gjörwell, Karl Kristofer,;Menalcas	 1
Gjörwell, Carl Christoffersson,;Gjörwell, Carl Christopher,;Gjörwell, Karl Kristofer,;Regnèr, Gustavus,;Regnér, Gust.,;Regnér, G.,;Regnér, Gustav	 1
Gjörwell, Carl Christoffersson,;Gjörwell, Carl Christopher,;Gjörwell, Karl Kristofer,;Schwamm, G.	 1
Gjörwell, Carl Christoffersson,;Gjörwell, Carl Christopher,;Gjörwell, Karl Kristofer,;Uggla, Carl,;Uggla, Carl Fredrik Hildebrandsson,;Hildebrandsson Uggla, Carl Fredrik,;Uggla, Carl Hildebrandsson,;Hildebrandsson Uggla, Carl,;Uggla, C. H.,;Hillebrandsson Uggla, Carl Fredrik,;Uggla, Carl Hillebrandsson,;Hillebrandsson Uggla, Carl	 1
Godwin, Mary Wollstonecraft,;Wollstoncraft, Maria	 1
Goethe, J. W.;Göthe, Johann Wolfgang von,;Göthe, J. V.,;Goethe, W. von,;Bruzelius, Em.	 1
Goethe, J. W.;Göthe, Johann Wolfgang von,;Göthe, J. V.,;Goethe, W. von,;Ekendahl, D. G.	 1
Gothus, Petrus Johannis,;Johannis, Petrus,;Petrus Johannis	 1
Götrek, Anders Peter,;Götrek, P.,;Götrek, Pär,;Götreck, Per,;P. G.	 1
Gottmarck, Johan Andersson,;Gottmarck, Johannes,;Gottmarck, Johannes Andreae,;Gottmark, Johan,;Gottmark, Johan Andersson,;Gottmark, Johannes,;Gottmark, Johannes Andreae,;-n -k	 1
Gråberg, Olaus G.	 1
Gravallius, Ehrnfred	 1
Gruber, J. G.;Fröberg, J. P.	 1
Grundel-Helmfelt, Gustaf	 1
Gullbransson, A. M.	 1
Gumælius, O. J.	 1
Gustaf;Gustaf;Adolf Fredrik,;Adolf Friedrich	 1
Gustaf;Gustaf;Kustaa	 1
Gustaf;Gustaf;Kustaa;Widekindi, Johannes,;Widikindi, Johannes,;Widekinde, Johan,;Widichindi, Johan,;Widichinni,;Videkind, Juchan,;Widekind, Johannes,;Widekind, Johann	 1
Gustaf;Gustav Vasa,;Gustaf Vasa,;Gustav Wasa,;Gustaf;Gustaf Wasa,;Gustavus Vasa,;Kustaa I Vaasa,;Vasa, Gustav Eriksson,;Vasa, Gustaf Eriksson,;Eriksson Vasa, Gustav,;Eriksson Vasa, Gustaf,;Kempensköld, Samuel,;Kempe, Samuel	 1
Guyetus, Franciscus,;Guietus, Franciscus,;Faedrus,;Faedros,;Scheffer, Johannes Gerhard,;Scheffer, John,;Scheffer, Jean,;Constantinus Opelius,;Scheffero Argent, Joanne	 1
Hagelstenius, Sveno Magni	 1
Hagström, Carl Peter	 1
Halenius, Engelbsert Larsson	 1
Halldin, Afton-bladet : en vecko-skrift af et sälskap i Stockholm Stockholm : Carlbohm,,;Bergström, Petter,;Bergström, P.	 1
Hallenberg, J.	 1
Haller, Alberto von,;Haller, Albert,;Haller, Johann A. von,;Hallerus, Albertus,;Haller, Albertus,;Haller, Albert von,;Haller, Albert de,;Haller, Alberto,;Haller, Alberto de,;Haller, Albertus von,;Haller, Albertus de,;Haller, Victor A. von,;Forssén, Erik	 1
Hällström, C. P.	 1
Hammarsköld, Lars,;Maro, Publius Vergilius,;Maro, P. Vergilius,;Vergilius Maro, P.,;Vergil,;Virgil,;Virgil;Vergilius,;Virgile,;Virgilio,;Virgilius,;Wergiliusz,;Virgilius Maro, Publius	 1
Hammarsköld, Lars,;Rothlieb, Carl Fredric,;Rothlieb, Carl Fr.	 1
Hebenstreit, Johannes Ernestus,;Hebenstreitius, Ioannes E.,;Hebenstreit, Joann E.,;Hebenstreitius, Johannes E.,;Hebenstreit, Joannes E.	 1
Helwich, Christoph	 1
Helwich, Jacob,;Helwigius, Jacobus	 1
Hill, Johanne,;Johnson, Abraham	 1
Hill, Karl Johan Danielsson,;Hill, Carl Johan D:son,;Hill, Karl Johan D:son,;Hill, Carolus Johannes,;Hill, Carolus Johannes Danielis,;Rudelius, Carl Johan,;Rudelius, Karl Johan	 1
Hjortberg, Gustaf Fredrik,;Hjortberg, Gust. Friedr.	 1
Hoffberg, Carolus Frid.,;Hoffberg, Carl Fredr.	 1
Hoghusen, Johann,;Hoghusen, Johannes	 1
Högström, Per,;Högström, Peter	 1
Hollatius, David,;Hollaz, David,;Hollazen, David	 1
Hollatz, David,;Hollaz, David	 1
Hollfastersson, Sigurd	 1
Holmberger, L. M.,;Holmberger, L. M.;Holmberger, Laurentius Magnus,;Holmberger, Laurentius Magnus	 1
Horatius, Quintus Flaccus,;Orazio Flacco, Quinto,;Flaccus, Quintus Horatius,;Horace;Horaz,;Horatio,;Horatius,;Kvint Goracij Flakk	 1
Horleman, Carl	 1
Hübner, Johan,;Hubnerus, Joh.,;Hübner, Joh.	 1
Hydrén, Lars,;Hydrén, Laurentius,;Hydrén, Laurent.,;Hydrén, Laur.,;Hydrén, Lars Persson,;Hydrén, Lars P.,;Hydrén, Laurentius Petri,;Hydrén, Laurentius P.,;Hydrenius, Laurentius	 1
Hylander, Andreas,;Hylander, Andr.,;Hylander, Anders Svensson,;Hylander, Andreas Svenonis,;Hylander, Andreas Sven.,;Ibn el-Wardī, ʻUmar,;Ibn Alvardi,;Ibn-el-Vardi,;Sirāj al-Dīn Abū Ḥafṣ ʻUmar ibn al-Wardī,;Sīrāǧaddīn Abū Ḥafs ʻUmar ibn al-Wardī,;ʻUmar ibn al-Wardī,;Hylander, Sven	 1
Inchbald	 1
Iser, Carl Jacob	 1
Israelsson, Johan	 1
Isthmenius, Jacob,;Isthmén, Jacob	 1
Jacob;James;Jakob;Jacob;James;Jakob	 1
Jean de France,;Bellman, Carl Mikael,;Belʹman, K. M.,;Belʹman, Karl Mikaėl,;Belmans, Karls Mikaels,;Белман, Карл Микаел	 1
Jean de France,;Leyonhuvud, Axel Gabriel,;Leyonhuvud, Axel Gabr.	 1
Johan Matthiae,;Iohanne Matthiae,;Matthiæ, Johannes,;Matthiae, Johan,;Gothus, Johannes Mattiae	 1
Johan Matthiae,;Iohanne Matthiae,;Matthiæ, Johannes,;Matthiae, Johan,;Gothus, Johannes Mattiae,;Paulinus Gothus, Laurentius,;Paulinus, Laurentius,;Gothus, Laurentius Paulinus,;Pålsson, Lars	 1
Johannis Zacharias	 1
Johannis, Michael	 1
Johansson, Göran	 1
John,;Parthenophilus,;Spectator,;Gamander, Andr.,;M. O.	 1
Jonae, Andreas	 1
Josefus,;Josephus,;Josefus, Flavius,;Josephus Flavius,;Flavius, Josephus,;Iosephus Flavius,;Yosefus Flavyus,;Yosef ben Matitjahu,;Yosef ben Matityahu,;Mickelsson, Hans,;Mikkelsen, Hans,;Cholʹberg, Ljudvig,;Michelsen, Hans,;Holberg, L.;Serenius, Jakob,;Andilly, Robert Arnauld d'	 1
Joséphine,;Josephina,;Josephina Maximiliana Eugenia,;Josephine von Schweden	 1
Jünger, J. F.	 1
Karl;Carl;Carl;Karl;Karl;Karel;Carl;Charles;C.,;Karl Ludvig Eugen,;Karl,;Carl,;Gumælius, O. J.	 1
Kellgren, Johan Henrik,;Kellgren, Johannes Henricus,;Kellgren, Joh. Henr.,;Kellgren, Johannes Henr.,;Kellgren, J. H.,;Kellgren,;Kellgren,;Källgren, Johan Henric,;Källgren, Johan Henrik,;Kjellgren, Johan Henric,;Kjellgren, Johan Henrik	 1
Kind, Johann Friedrich	 1
Klerck, Carl Nathanael,;Klerck, Carl Natanael	 1
Knös, Gustavus	 1
Kock, Karl Anton	 1
Kolbeckius, Petrus Jonae	 1
Kolmodinus, Ericus	 1
Kotzebue, Aug. von,;Kotzebue, Auguste de	 1
Kotzebue, Aug. von,;Kotzebue, Auguste de,;Kullberg, H. A.	 1
Kröningssvärd, C. G.,;C. G. K.	 1
Krutmejer, D.	 1
Kullberg, H. A.;Widström, Ulrika Karolina,;Lewis, M. G.;Lewis, Matthew	 1
La Tocnaye, Jacques-Louis de Bougrenet de,;De La Tocnaye, Jacques-Louis,;De Latocnaye,;Bougrenet de La Tocnaye, Jacques-Louis de,;Tocnaye, Jacques-Louis de la,;Tocnaye, Jacques-Louis de la	 1
Lady Morgan,;Morgan,;Morgan, Sydney,;Morgan, Sydney Owenson,;Owenson, Sydney,;Owenson	 1
Lafontaine, August,;Lafontaine, Aug.,;La Fontaine, Aug.,;Lafontaine, Auguste,;La Fontaine, Augustus,;Lafontaine, A.;Miltenberg,;Freier, Gustav,;Laphontainos, Augoustos,;Wahlström, Pehr,;Wahlström, Pär	 1
Lafontaine, August,;Lafontaine, Aug.,;La Fontaine, Aug.,;Lafontaine, Auguste,;La Fontaine, Augustus,;Lafontaine, A.;Miltenberg,;Freier, Gustav,;Laphontainos, Augoustos,;Wistrand, A.	 1
Lagerbring, Swen,;Bring, Swen,;Gjörwell, Carl Christoffersson,;Gjörwell, Carl Christopher,;Gjörwell, Karl Kristofer	 1
Lagerhjelm, P.;Lagerhjelm, Per	 1
Lamarck, Jean Baptiste Pierre Antoine de Monet de,;Lamarck, Jean Baptiste de,;Lamarck, J. B.,;Thunberg, Carolus Petrus,;Thunberg, Karl Peter	 1
Landerbeck, Nicolaus,;Landerbeck, Nicol.	 1
Lange, Joh. G.,;Lange, Joh. Georg,;Lange, Joannes	 1
Langhansen, Christianus	 1
Lantier, E. F.	 1
Las Cases, Emmanuel,;Lesage, A.,;Emmanuel de Las Cases,;Strinngolʹm, A.	 1
Laurentius Nicolai,;Laurentius Norvegus,;Nicolai, Laurentius,;Laurids Nielsen,;Nielsen, Laurids,;Klosterlasse	 1
Lavater, Johannes Caspar,;Lavater, Johann Kaspar,;Lavater, Johann Kasper,;Lavater, Jean Gaspard,;Lavater, Gaspard	 1
Lefrén, Johan Per,;Lefrén, Johan Pehr	 1
Lemwijk, Oloff Swensson,;Lemvig, Ole Svendsen,;Mercurius Brittanicus	 1
Lenaeus, Canutus Nicolaus	 1
Lenaeus, Canutus Nicolaus,;Hübner, Johan,;Hubnerus, Joh.,;Hübner, Joh.	 1
Lewenhaupt, Carl Emil	 1
Liljencrantz, Johan,;Westerman, Johan,;Oscar;Oscar	 1
Liljestråle, Joachim Wilhelm,;Bröms, Joachim Wilhelm	 1
Lindahl, Ol.	 1
Lindblom, Jakob Axelsson,;Lindblom, J. A.;Lindblom, Jac. A.;Lindblom, J. Ax.	 1
Lindhjelm, Hedvig Eleonora	 1
Lindskog, Petter Eriksson,;Lindskog, Peter Eriksson,;Lindskog, P. E.	 1
Ling, P. H.,;Ling,;Ling, Peter Henrik,;Ling, Pehr Henrik,;Ling, Peter Henry,;Ling, P. Henrik	 1
Linnæus, Carolus,;Linnaeus, Carl,;Linneus, Carl,;Linné, Karl von,;Linné, Charles,;Linneo, Carlo,;Linnej, Karl,;Linné, Carl von,;Linné, Carl von,;Linné, Carl von	 1
Linnerhjelm, Jonas Karl	 1
Liskoviuis, Salomon	 1
Livijn, Clas Johan,;Livin, Clas,;Livijn, Claes,;Livin, Claes	 1
Livius, T.,;Livius, Titus,;Livius Patavinus, Titus,;Tite-Live,;Livy,;Livio, Tito	 1
Loenbom, Samuel S.,;Charles;Carl;Gråkappan	 1
Lohman, Karl Johan	 1
Lorichs, Per Daniel,;Lorichs, P. D.	 1
Löwenhielm, C. A.	 1
Ludovicus, Daniel	 1
Luise Ulrike	 1
Luise Ulrike,;Fredrich Adolph,;Fredrik	 1
Lundberg, Petter	 1
Lundblad, Swen,;Lundblad, Sveno	 1
Lundelius, Andreas	 1
Lundius, Carolus,;Lund, Karl	 1
Lundmark, Sven Dan.;Lundmark, S. D.	 1
Lundmark, Sven Dan.;Lundmark, S. D.;Burney, Frances,;Burney, Miss,;Arblay, Frances d'	 1
Luth, Axel,;Luth, Axel Petersson	 1
Luther, Martin,;Luther, Martin,;Luther, Martin,;Luther, Martin,;Luther, Martin,;Luther, Martin,;Luther, Martin,;Luther, Martin,;Luther, Martin,;Luther, Martin,;Luther, Martin,;Lutherus, Martinus,;Luther, Mårten,;Lutero, Martino,;Luther, Martti,;Luther, Morten	 1
Lutherus, Martinus,;Luther, Mårten,;Lutero, Martino,;Luther, Martti,;Luther, Morten,;Boraen, Magnus,;Boraenius, Magnus,;Borænius, Magnus	 1
Lutherus, Martinus,;Luther, Mårten,;Lutero, Martino,;Luther, Martti,;Luther, Morten,;Chladenius, Martinus,;Chladenius, Martin,;Chlodenius, Martinus,;Chladny, Martin	 1
Lutherus, Martinus,;Luther, Mårten,;Lutero, Martino,;Luther, Martti,;Luther, Morten,;Luther, Martin,;Luther, Martin,;Luther, Martin,;Luther, Martin,;Luther, Martin,;Luther, Martin,;Luther, Martin,;Luther, Martin,;Luther, Martin,;Luther, Martin	 1
Lutherus, Martinus,;Luther, Mårten,;Lutero, Martino,;Luther, Martti,;Luther, Morten,;Luther, Martin,;Luther, Martin,;Luther, Martin,;Luther, Martin,;Luther, Martin,;Luther, Martin,;Luther, Martin,;Luther, Martin,;Luther, Martin,;Luther, Martin,;Lindblom, Jakob Axelsson,;Lindblom, J. A.;Lindblom, Jac. A.;Lindblom, J. Ax.	 1
Lutherus, Martinus,;Luther, Mårten,;Lutero, Martino,;Luther, Martti,;Luther, Morten,;Paulinus Gothus, Laurentius,;Paulinus, Laurentius,;Gothus, Laurentius Paulinus,;Pålsson, Lars	 1
Magnus Gabriel De la Gardie,;De la Gardie, Magnus Gabriel,;Gardie, Magnus Gabriel de la	 1
Magnus, Johannes,;Magni, Johannes,;Johannes Magni,;Jöns Månsson,;Svinefot, Johannes Magn-?	 1
Malmström, Petrus,;Wallmark, Per Adam,;Wallmark, Pehr Adam,;Fuselbrenner den yngre	 1
Mannerskantz, Nils,;Kellander, Nils	 1
Manteuffel, Otto Jacob Zöge von	 1
Marées, S. L. E.	 1
Maro, Publius Vergilius,;Vergil,;Virgil,;Vergilius,;Virgile,;Virgilio,;Virgilius,;Wergiliusz,;Virgilius Maro, Publius	 1
Mees Kalckberner, Katarina,;Kalckberner, Katarina Mees,;Mees, Catarina,;Mees, Catharina,;Köhler, Johann,;Colerus, Johannes	 1
Meissner, A. G.	 1
Menabeno, Apollonio,;Menabeni, Apollonio	 1
Menalcas,;Gjörwell, Carl Christoffersson,;Gjörwell, Carl Christopher,;Gjörwell, Karl Kristofer	 1
Menantes	 1
Michelessi	 1
Mickelius, Johannes Fridericus	 1
Millerus, Johannes Petrus	 1
Modeer, Adolf,;Larsson, A.	 1
Mohrbech, Johan,;Sörensen, Niels,;Søfrenssøn, Niels,;Severus, Nicolaus,;Severinus, Nicolaus	 1
Molière, Jean Baptiste,;Molière, Jean-Baptiste Poquelin de,;Mūlijīr,;Mūliyir,;Poquelin, Jean-Baptiste	 1
Moller, Martin,;Moeller, Martin,;Gothus, Petrus Johannis,;Johannis, Petrus,;Petrus Johannis	 1
Momma, Pet.	 1
Momma, Pet.,;Adolf Fredrik,;Adolf Friedrich	 1
Montesquieu, Charles de Secondat,;Montesquieu, Charles de Secondat,;Montesquieu, Charles de,;Secondat, Charles-Louis de	 1
Montfaucon de Villars, Nicolas-Pierre-Henri,;Montfaucon de Villars,;Villars,;Amarantus,;Arimaspus,;Sahlstedt, Abraham Magnusson,;Sahlstedt, Abraham Magni	 1
Mörner, Carl,;Mörner af Tuna, Carl Carlsson,;Mörner af Tuna, Carl	 1
Mouhy, Charles de Fieux de,;Mouhy, Charles de Fieux	 1
Müller, J. G.;Ekmanson, Joh. Sam.	 1
Müller, Johann von,;Müller, Jean de,;Müller, J. von	 1
Munck, Eberhard Zacharias,;Rosenschöld, Eberhard Zacharias Munck af	 1
Murray, Adolf	 1
Nemesius,;Nemesius Emesenus,;Némésius d'Émèse,;Spegel, Haqvin,;Spegel, Hakvin,;Spegel, Håkan	 1
Nibelius, Johannes,;Nibelius, Johannes Jacobi	 1
Nicander, Henric	 1
Niemeyer, Aug. H.	 1
Nohrborg, Daniel,;Nohrborg, D.,;Nohrborg, D.;Norborg, Daniel	 1
Nordenflycht, Hedwig Charlotte,;Nordenflycht, Hedv. Charl.,;Nordenflycht, Hedvig Charl.,;Nordenflycht, Hedvig Charlotte,;Nordenflyckt, Hedvig Charlotta,;Nordenflykt, Hedvig Charlotta,;Nordenflycht,;H. C.,;Herdinna,;Herdinna i Norden	 1
Nordenhielm, Anders,;Norcopensis, Andreas,;Rudbeck, Olaus,;Rudbeckius, Olaus,;Rudbeck, Olf	 1
Nordlander, N.;Nordlander, Nicolaus	 1
Nyerup, R.	 1
Odencrantz, Tor August,;Odencrants, Thor August,;Odencrants, Tor August,;Odencrants, Th. Aug.	 1
Olai, Arvidus,;Olavi, Arvidus	 1
Olai, Haraldus	 1
Örneklou, Petrus Petri	 1
Örnhielm, Claudius,;Örnhielm, Claes,;Örnhiälm, Claes,;Örnhjälm, Claes,;Arrhenius, Claudius,;Örnhjälm, Claudius Arrhenius,;Örnhjelm, Claudii Arrhenii,;Claudii Arrhenii Örnhjelm,;Kapfelman, Claudius	 1
Outhier, Regnauld,;Outhier, Reginaud,;Outhier, M. l'abbé Réginald,;Outhier, M.	 1
Oxenstjerna, Johan Gabriel,;Dechaux, Jean Marie Bernard,;Gustaf;Gustaf	 1
Oxenstjerna, Johan Gabriel,;Gustaf;Gustaf	 1
P. L.	 1
Padenheim, D. P	 1
Palmærus, Jonas Germundi	 1
Palmblad, Vilhelm Fredr.,;Palmblad, Vilhelm Fr.,;Palmblad, Wilhelm Fredrik,;Palmblad, Wilhelm Fr.,;Palmblad, Guilielmus Fredericus,;Palmblad, V. F.;Palmblad, W. F.	 1
Palmfeldt, Gustaf,;Molière, Jean Baptiste,;Molière, Jean-Baptiste Poquelin de,;Mūlijīr,;Mūliyir,;Poquelin, Jean-Baptiste	 1
Palmfeldt, Gustaf,;Ulrica Eleonora,;Ulrika Eleonora	 1
Palmquist, Fredrich	 1
Palmsvärd, Jan Eric,;Nibelius, Johan Eric,;Nibelius, Jan Eric	 1
Parthenophilus,;Spectator,;Gamander, Andr.,;M. O.,;John	 1
Patkul, Johann Reinhold,;Paykul, Johann Reinhold	 1
Paulinus Gothus, Laurentius,;Paulinus, Laurentius,;Gothus, Laurentius Paulinus,;Pålsson, Lars	 1
Pederson, Are,;Are Pederson,;Pederson, Arwid,;Arwid Pederson	 1
Pelle Jonsson Krycka,;Quintinus Carbasius	 1
Peringer, Gustaf,;Peringer Lillieblad, Gustaf	 1
Peringskiöld, Joh.	 1
Petri, Jonas Gothus,;Petri, Jonas,;Botvidi, Johanne,;Johannes Botvidi,;Johannes Bothvidi,;Bothvidi, Johannes,;Bothvid, Johannes	 1
Petri, Olaus,;Olavus Petri,;Olof Petersson,;Olof Persson,;Mäster Olof,;Phase, Olavus Petri	 1
Pettersson, Abr. Z.;Pettersson, A. Z.	 1
Phrygius, Sylvester Johannis	 1
Pindar;Pindare,;Pindar,;Pindarus,;Pindaro	 1
Polhem, Christoffer	 1
Polyfem	 1
Pontin, Magnus Martin af,;Pontin, Magnus Martin	 1
Pontin, Samuel Magni	 1
Poppe, Johann Heinrich Moritz,;Poppe, J. H. M.;Poppe, Johann H. von,;Von Poppe, Johann Heinrich Moritz,;Weltzin, C.;Rutström, Carolin	 1
Puget de La Serre, Jean,;La Serre,;Della Serre,;La Serre	 1
Puget de La Serre, Jean,;La Serre,;Della Serre,;La Serre,;Hjärne, Thomas,;Hiärn, Thomas	 1
Rabenius, Olof Ingelsson	 1
Rademine, C. E.	 1
Rademine, C. E.;Campe, J. H.	 1
Rademine, C. E.;Goethe, J. W.;Göthe, Johann Wolfgang von,;Göthe, J. V.,;Goethe, W. von	 1
Ragotsky, Carl August,;Ragotzki, Karl A.	 1
Rambach, Johann Jacob,;Rambach, J. J.;Rambach, Joh. Jac.;Rönick, Olof	 1
Rappe, Carl Wilhelm	 1
Rehn, Jean Erik	 1
Reinhard, F. V.	 1
Retzius, M. C.	 1
Rhyzelius, Anders Olofsson,;Flodin, Samuel Clemensson,;Flodin, Samuel Clementis	 1
Rhyzelius, Anders Olofsson,;Pilecan, Peter;Hansson-Pilecan, Petter	 1
Richter, Aug. Gottl.;Richter, A. G. ,;Richter, Gottlieb,;Richter, Augustus Gottlieb,;Collin, J. G.	 1
Roberg, Laurentius,;Hoorn, Joh. von,;Hoorn, J. van der	 1
Robichon de la Guérinière, François,;Guérinière, François Robichon de la,;LaGuérinière, François Robichon de;Robichon de LaGuérinière, François	 1
Rogberg, C. G.;Rogberg, Karl Georg	 1
Romanson, Henrik Vilhelm	 1
Ronander, C. W. H.	 1
Rondeletius, Jacob P.,;Bohm, Lars Larson,;Bohm, Bohm Larson,;Bohm, Bohm Larsson	 1
Rönick, Olof	 1
Roos, Magnus Fredrik,;Roos, M. F.,;Roos, Magn. Fr.,;Roos, Magnus Friedr.,;M. F. R.	 1
Rooth, Carl Anders,;Roth, C. A.	 1
Rosén, Eberhard	 1
Rosén, Nicolai,;Rosén, Nicolao,;Rosén, Nils,;Rosén von Rosenstein, Nicholas,;Rosenstein, Nils Rosén von	 1
Rousseau, Jean Jacques,;Russo, Žan-Žak	 1
Rudbeck, Olaus,;Rudbeckius, Olaus,;Rudbeck, Olf	 1
Rudensköld, Carl,;Rudeen, Carl	 1
Ruder, Gustaf,;Ruder, Göstaf,;Ruder, Gustavus	 1
Rydelius, M.,;Rydelius, M.	 1
Salvius, Johan	 1
Salzmann, Chr. Gotth.	 1
Sandels, Joh. Aug.	 1
Sandels, Sam.;Sandel, Samuel	 1
Scheffer, Carl Fredric	 1
Scheffer, Johannes Gerhard,;Scheffer, John,;Scheffer, Jean,;Constantinus Opelius,;Scheffero Argent, Joanne,;Guyetus, Franciscus,;Guietus, Franciscus,;Faedrus,;Faedros	 1
Schelling, Friedrich Wilhelm Joseph von,;von Schelling, Friedrich	 1
Schmedemann, Johan	 1
Schonæus, Cornelis,;Gezelius, Johannes Georgii,;Gezelius, Johannes	 1
Schrevelius, Roloff	 1
Schröder, Elis	 1
Schröder, Johannes Henricus,;Schröder, Joh. Henr.	 1
Schubert, G. H.	 1
Schulz, Joachim Christoph Friedrich,;Schulz, Friedr.	 1
Schütz, Johann Jakob	 1
Schützer, Herman	 1
Schwamm, G.,;Gjörwell, Carl Christoffersson,;Gjörwell, Carl Christopher,;Gjörwell, Karl Kristofer	 1
Scott, Sir Walter,;Scott, Walter,;Clauren,;Clauren, H.	 1
Scott, Sir Walter,;Scott, Walter,;Napoleon;Napoleon;Napoleon;Napoléon Bonaparte,;Bonaparte, Napoléon,;Buonaparte, Napoleone,;Napoleón	 1
Scröder, Herman,;Dippel, Johann Konrad,;Christianus Democritus,;Democritus, Christianus,;Kleinmann, Ernst Christian	 1
Segerstedt, A. J.;Segerstedt, Alb. Jul.	 1
Seiler, Georgio Friderico,;Seiler, Georg Fr.	 1
Shakspere, William,;Shakespear, William,;Shakspear, William,;Šekspir, Uilʹjam,;Sheḳspir, Ṿ.,;Šekspir, Vilʹjam,;Šikisbīr, Wilyam,;Shakespeare, Guillermo,;Shakespeare, William G.,;Szekspir, W.,;Scheutz, Per Georg	 1
Sigismund;Sigismund;Zygmunt;Sigismond,;Sygismond,;Sigismund;Carl;Charles;Karl	 1
Silfverstolpe, Gustaf Abraham,;Silverstolpe, G. A.	 1
Sillén, G. A. af	 1
Silvius, Elias Andreasson,;Silvius, Elias Andersson,;Silvius, Elias Andreæ	 1
Sjisjkov, Aleksandr Semenovitj,;Shishkov, Aleksandr Semenovich	 1
Sjögren, Haqv.,;Sjögren, Haquinus	 1
Sjöström, A. G.	 1
Skjöldebrand, Erik,;Skjöldebrand, E.,;Brander, Eric,;Brander, E.,;Skjöldebrand, Eric,;Maro, Publius Vergilius,;Maro, P. Vergilius,;Vergilius Maro, P.,;Vergil,;Virgil,;Virgil;Vergilius,;Virgile,;Virgilio,;Virgilius,;Wergiliusz,;Virgilius Maro, Publius	 1
Skogekär Bergbo	 1
Smollett, Tobias	 1
Snellman, Henricus	 1
Sommelius, Gustaf J.,;Sommelius, Gustaf Johansson,;Sommelius, Gustavus	 1
Sondén, Petrus Adolphus,;Sondén, P. A.;Hammarsköld, Lars	 1
Sophia Magdalena,;Gustaf;Gustaf	 1
Spak, Olov,;Spak, Olaus,;Spak, Olavus	 1
Sparschuch, Johannes	 1
Spegel, Haqvin,;Spegel, Hakvin,;Spegel, Håkan	 1
Spener, Philip Jacob,;Spener, Philip Jakob,;Spener, Philipp Jakob	 1
Spiess, C. H.;Spiess, Kristian Heinrich,;Spiess, K. H.	 1
Sprengtport, Carl Hinrich,;Palmstruck, Georg Reinhold	 1
Staël von Holstein, C. F.;Holstein, Corfitz Ludvig Staël von	 1
Stamberg, And. Henr.;Stamberg, A. H.;Westman, O.,;Westman, O.;Westman, Olof Olofsson,;Westman, Olof Olai,;Westman, Olof O.,;Westman, Olov,;Westman, Olaus,;Westman, Olaus Olai,;Westman, Olaus O.,;Westman, Olavus	 1
Stenhammar, Chr.	 1
Stenhammar, Chr.,;Palmblad, Vilhelm Fredr.,;Palmblad, Vilhelm Fr.,;Palmblad, Wilhelm Fredrik,;Palmblad, Wilhelm Fr.,;Palmblad, Guilielmus Fredericus,;Palmblad, V. F.;Palmblad, W. F.	 1
Stern, Laurence	 1
Sternberg, Matthias Alexander von Ungern-	 1
Sternberg, Matthias Alexander von Ungern-,;Fredrik,;Fredrik;Fredrik av Hessen,;Friedrich av Hessen	 1
Stierneld, Adolf, Ludvig	 1
Stiernstolpe, Jonas Magnus,;Stjernstolpe, J. M.,;Arndt, E. M.	 1
Stiernstolpe, Jonas Magnus,;Stjernstolpe, J. M.,;Müller, J. G.	 1
Stjerngranat, Carl Johan	 1
Stjerngranat, H.	 1
Stobæus, Anders	 1
Stobæus, Niklas,;Stobæus, Niclas,;Stobæus, Nicolaus	 1
Strauch, Egidius,;Strauch, Ægidius	 1
Strömer, Martin	 1
Sundevall, Matth.	 1
Sunonis, Olavus	 1
Svedelius, Pehr Jakobsson,;Svedelius, Pehr Jacobsson,;Svedelius, Petrus,;Svedelius, Petrus Jacobi,;Swedelius, Pehr,;Suedelius, Petrus,;Jakobsson Svedelius, Pehr	 1
Svedviensis, Andreas Petri,;Amstadius, Andreas Petri,;Persson, Anders,;Quirsfeld, Johann	 1
Svenonius, Enevaldus	 1
Svift, Džonatan,;Bickerstaff, Isaac	 1
Swedenborg, Emanuel,;Swedenborg, Emanuel,;Swedenborg, Emanuel,;Swedenborg, Emanuel,;Swedenborg, Immanuel,;Swedenborg, Emmanuel de,;Swedberg, Eman.,;Svedenborg, Ėmmanuelʹ,;Svedenborg, Ėmanuėlʹ,;Swedenborgius, Emanuel	 1
Swedenborg, Emanuel,;Swedenborg, Emanuel,;Swedenborg, Immanuel,;Swedenborg, Emmanuel de,;Swedberg, Eman.,;Svedenborg, Ėmmanuelʹ,;Svedenborg, Ėmanuėlʹ,;Swedenborgius, Emanuel	 1
Swedenborg, Immanuel,;Swedenborg, Emmanuel de,;Swedberg, Eman.,;Svedenborg, Ėmmanuelʹ,;Svedenborg, Ėmanuėlʹ,;Swedenborgius, Emanuel	 1
Swedenborg, Immanuel,;Swedenborg, Emmanuel de,;Swedberg, Eman.,;Svedenborg, Ėmmanuelʹ,;Svedenborg, Ėmanuėlʹ,;Swedenborgius, Emanuel,;Swedenborg, Emanuel	 1
Tavaststjerna, C. G.	 1
Tengström, Jakob	 1
Terzaruolo, Benedetto	 1
Terzaruolo, Benedetto,;Schiller, Friedrich,;Schiller, Fredric,;Schiller, Johann Christoph Friedrich von,;Shiler, Fridrikh,;Schiller, Friedrich Wilhelm Ernst von,;Schiller, Friedrich Wilhelm	 1
Tessin, Carl Gustav,;Sternberg, Matthias Alexander von Ungern-	 1
Tézay, Nicolas Marie Félix Bodard de,;Unger, Friederike Helene,;Rothenburg, Friederike Helene	 1
Thersner, Ulric	 1
Thomæus, J. J.	 1
Thomas av Kempis,;Thomas de Kempis,;Thomas von Kempen,;Tūmā l-Kammbīsī,;Kempen, Thomas von,;Kempis, Thomas a,;Kempis, Thomas de,;Foma Kempijskij	 1
Thomas av Kempis,;Thomas de Kempis,;Thomas von Kempen,;Tūmā l-Kammbīsī,;Kempen, Thomas von,;Kempis, Thomas a,;Kempis, Thomas de,;Foma Kempijskij,;Prytz, Laurentius Johannis,;Preutz, Laurentio Johannis	 1
Thun, Josephus	 1
Thunberg, Carolus Petrus,;Thunberg, Karl Peter	 1
Thunman, Johannes	 1
Tidén, L.	 1
Tiderus, Arvidus Johannis	 1
Tiderus, Arvidus Johannis,;Chytraeus, Nathanael,;Chyträus, Nathan,;Kochhaff, Nathan,;Nicolai, Olaus	 1
Tingstadius, Joh. Adam,;Tingstadius, Joh. A.,;Tingstadius, J. A.,;Tingstadius, J. A.	 1
Tjällmann, Nils	 1
Törner, Johan J.,;Törner, Joh. J.,;Törner, Johan,;Törner, Johannes Johannis,;Törner, Johannes Joh.,;Törner, Johannes J.,;Törner, Johannes	 1
Tranér, Johannes,;Tranér, Iohannes,;Livius, T.,;Livius, Titus,;Livius Patavinus, Titus,;Tite-Live,;Livy,;Livio, Tito	 1
Tunelius, Eric	 1
Tybeck, Joh.,;Tybeck, J.	 1
Tybeck, Joh.,;Tybeck, J.;Swedenborg, Immanuel,;Swedenborg, Emmanuel de,;Swedberg, Eman.,;Svedenborg, Ėmmanuelʹ,;Svedenborg, Ėmanuėlʹ,;Swedenborgius, Emanuel,;Delén, Carl Erik,;Deleen, C.;Swedenborg, Emanuel,;Swedenborg, Emanuel,;Swedenborg, Emanuel,;Swedenborg, Emanuel	 1
Uhr, C. D. af,;Uhr, C. D. af;Uhr, Karl David af,;af Uhr, Carl David	 1
Ulfila,;Ulfilas,;Iunius, Franciscus,;Du Jon, François,;Lilia, Georgius Olai,;Lilia, Göran,;Lilja, Göran,;Lillie, Georgius Olai,;Lillie, Göran,;Göran Olofsson,;Jöran Olofsson,;Olofsson, Göran,;Olofsson, Jöran,;Georg Olofsson,;Olofsson, Georg,;Stjernhjelm, Georg,;Georgius Olavi,;Olavi, Georgius	 1
Ungio, Nicolao Th.	 1
Upmarch, Johanes,;Upmarck, Johan,;Upmarck, Johannes	 1
Valerius, J. D.	 1
Valtinsson, Carl Gustaf	 1
Vauciennes, Pierre Linage de,;Chanut, Pierre Hector,;Christina,;Christina,;Cristina,;Cristina,;Christine de Suède,;Kristina Alexandra	 1
Venus, C. W.	 1
Verelius, Olaus,;Vereli, Olai	 1
Viberg, Magnus,;Wiberg, Magnus C.	 1
Voltaire, François de,;Voltaire, François Marie Arouet de,;Wolter,;Arouet, François Marie,;Huet, Monsieur,;Dancourt, Louis Hurtaut,;Florian,;Envallsson, Carl Magnus	 1
Voltaire, François de,;Voltaire, François Marie Arouet de,;Wolter,;Arouet, François Marie,;Huet, Monsieur,;Voltaire,;Voltaire,;Voltaire,;Voltaire	 1
Von Ense, Karl August Varnhagen,;Ense, Karl August Varnhagen von,;Varnhagen von Ense, August	 1
von Groth, Carl,;Grooth, Carl von;Von Höpken, Carl Fredrik	 1
Von Lindecreutz, Justus Christoffer	 1
Von Schulzenheim, Conrad Theodor,;Schultzenheim, Conrad Theodor	 1
Von Strokirch, Henning Adolph	 1
Wadström, Carl Nicolas,;Wadström, Carl N.	 1
Wahlbom, Carl Adolf,;Wahlbom, Karl Adolph,;Wahlbom, Karl Adolf,;Wahlbom, C. A.;Wahlbom, Carolus Adolphus,;Wahlbom, Carolus Adolfus,;C. A. W.,;Fant, Erico Mich.;Fant, Erik Mikael,;Fant, Erik M.,;Fant, E. M.,;Fant, Ericus Michael,;Fant, Erik Michael,;Fant, Ericus M.,;Fant, Ericus Mich.,;Fant, Erik Mickel,;Fant, Er. Mik.;Fant, Eric Michaël;Fant, Ericus Michaël	 1
Wahlenberg, Georg	 1
Wahrman, S. N.;Wagener, Sam. Chr.;Wagener, S. C.	 1
Walbom, Erik Göran,;Walbom, Eric,;Walbom, Erik,;Walbom, Eric Magnusson,;Walbom, Eric M.,;Walbom, Ericus Magni,;Walbom, Ericus M.,;Valbom, Eric Göran,;Valbom, Erik Göran,;Valbom, Eric,;Valbom, Erik	 1
Wallenius, Andreas Erici	 1
Wallin, Göran,;Wallin, Jöran,;Wallinius, Georgius	 1
Wallius, Lars	 1
Wallmark, Per Adam,;Wallmark, Pehr Adam,;Fuselbrenner den yngre	 1
Wallmark, Per Adam,;Wallmark, Pehr Adam,;Fuselbrenner den yngre,;Curcius, Quintus,;Curtius,;Curzio Rufo,;Rufus, Quintus Curtius,;Quinte-Curce	 1
Warg, Christina,;Warg, Kajsa	 1
Wargentin, Pehr,;Wargentin, Peter Vilhelm	 1
Wedel-Jarlsberg, Johan Caspar Herman,;Wedel-Jarlsberg, Johan Caspar Hermann,;Jarlsberg, Herman Wedel,;Carl;Karl;Carl;Karl;Carl;Bernadotte, Jean Baptiste Jules,;Bernadotte, Jean Baptiste,;Karl Johan;Charles;Charles Jean,;Charles	 1
Weickard, Melch. Adam,;Weickard, Melchior Adam,;Weikardt, Melchior A.,;Gjörwell, Carl Christoffersson,;Gjörwell, Carl Christopher,;Gjörwell, Karl Kristofer	 1
Weiss, Eleazar,;Clerck, Carolus,;Clerck, Carl	 1
Werwing, Johan Gabriel,;Werwing, J. G.	 1
Wetterbergh, Anders Johan,;Johansson, Johan,;Lavater, Johannes Caspar,;Lavater, Johann Kaspar,;Lavater, Johann Kasper,;Lavater, Jean Gaspard,;Lavater, Gaspard	 1
Wezel, Johann Karl	 1
Wilde, Andreas	 1
Wingård, Johan af	 1
Wingård, Karl Fredrik af,;Wingård, C. F. af;Wingård, Carl F. af;Wingård, Carl Fr. af;Wingård, Carolus Fr. af,;Wingård, Carolus Fridericus af	 1
Wingård, Karl Fredrik af,;Wingård, C. F. af;Wingård, Carl F. af;Wingård, Carl Fr. af;Wingård, Carolus Fr. af,;Wingård, Carolus Fridericus af,;Godhe, A.,;Godhe, A.;Godhe, Andreas	 1
Wivallius, Johannes Svenonis Sveno-,;Sveno-Wivallius Nericiensis, Johannes	 1
Wolff, J. B.	 1
Wollin, Christianus,;Wollin, Christ.	 1
Wollin, Christianus,;Wollin, Christ.,;Munck, Eberhard Zacharias,;Rosenschöld, Eberhard Zacharias Munck af	 1
Wrede-Sparre, Axel	 1
X. von Y.	 1
Zeipel, Carl Samuel Fredrik von,;Häffner, Johann Christian Friedrich	 1
Zetterstén, Eric	 1
Ziervogel, Minnes och schol-atlas eller tydelig anwisning at snart fatta och länge behålla geographien eller kunskapen om the på jordklotet befinteliga märckwärdigare länder och wattn	 1
Zschokke, Johann Heinrich Daniel	 1
Елизавета Петровна,;Elisabet;Elizaveta Petrovna,;Jelizaveta Petrovna,;Elizabeth,;Elisavet;Elisavet;Elizabeth Petrovna	 1
