Name	Count
Total count: 	1227
Gustav;Gustav	19
Bruzelius, Emanuel	13
Liljencrants, Johan,;Liljencrants, Johan	13
Ugglas, Samuel af	13
Edelcreutz, Daniel	12
Gjörwell, Carl Christoffer,;Gjörwell, Carl Christoffer,;Gjörwell, Carl Christoffer	 9
Kalm, Pehr,;Kalm, Pehr	 9
Bergman, Torbern	 7
Björnståhl, Jacob Gustaf	 7
Hedin, Sven Anders	 7
Svebilius, Olof,;Svebilius, Olof,;Svebilius, Olof,;Svebilius, Olof,;Svebilius, Olof	 7
Arndt, Johann,;Arndt, Johann	 6
Edelcrantz, Abraham Niclas,;Edelcrantz, Abraham Niclas,;Edelcrantz, Abraham Niclas,;Edelcrantz, Abraham Niclas	 6
Elfving, Anders	 6
Hesselius, Andreas,;Hesselius, Andreas,;Hesselius, Andreas,;Hesselius, Andreas,;Hesselius, Andreas,;Hesselius, Andreas,;Hesselius, Andreas,;Hesselius, Andreas,;Hesselius, Andreas,;Hesselius, Andreas	 6
Karl;Karl;Karl;Karl;Karl;Karl;Karl;Karl;Karl;Karl;Karl	 6
Kullberg, Herman Anders	 6
Lagerbring, Sven,;Lagerbring, Sven	 6
Nordencrantz, Anders,;Nordencrantz, Anders,;Nordencrantz, Anders	 6
Spole, Anders	 6
Bælter, Sven	 5
Cleve, Friedrich August	 5
Dalin, Olof von,;Dalin, Olof von,;Dalin, Olof von,;Dalin, Olof von	 5
Fant, Eric Michael,;Fant, Eric Michael,;Fant, Eric Michael,;Fant, Eric Michael,;Fant, Eric Michael,;Fant, Eric Michael,;Fant, Eric Michael,;Fant, Eric Michael,;Fant, Eric Michael,;Fant, Eric Michael,;Fant, Eric Michael,;Fant, Eric Michael	 5
Flintberg, Jacob Albrecht	 5
Fuhrmann, Stephan,;Fuhrmann, Stephan	 5
Grevesmöhlen, Carl August,;Grevesmöhlen, Carl August,;Grevesmöhlen, Carl August	 5
Hammarsköld, Lorenzo	 5
Nordström, Henrik Andersson	 5
Rönnow, Magnus;Rönnow, Magnus	 5
Rudbeck, Olof,;Rudbeck, Olof	 5
Ulrika Eleonora,;Ulrika Eleonora	 5
Bergius, Peter Jonas	 4
Brag, Carl Johan	 4
Celsing, Gustaf	 4
Celsius, Olof	 4
Deleen, Carl Erik,;Deleen, Carl Erik	 4
Hellens, Carl Niclas von,;Hellens, Carl Niclas von	 4
Holberg, Ludvig,;Holberg, Ludvig,;Holberg, Ludvig,;Holberg, Ludvig,;Holberg, Ludvig	 4
Hylander, Anders,;Hylander, Anders,;Hylander, Anders,;Hylander, Anders,;Hylander, Anders	 4
Karl;Karl;Karl;Karl;Karl;Karl	 4
Lafontaine, August Heinrich Julius,;Lafontaine, August Heinrich Julius,;Lafontaine, August Heinrich Julius,;Lafontaine, August Heinrich Julius,;Lafontaine, August Heinrich Julius,;Lafontaine, August Heinrich Julius,;Lafontaine, August Heinrich Julius,;Lafontaine, August Heinrich Julius,;Lafontaine, August Heinrich Julius	 4
Pufendorf, Samuel von,;Pufendorf, Samuel von,;Pufendorf, Samuel von,;Pufendorf, Samuel von,;Pufendorf, Samuel von,;Pufendorf, Samuel von,;Pufendorf, Samuel von,;Pufendorf, Samuel von,;Pufendorf, Samuel von	 4
Retzius, Anders Jahan,;Retzius, Anders Jahan	 4
Rudbeck, Thure Gustaf	 4
Schiller, Friedrich von,;Schiller, Friedrich von,;Schiller, Friedrich von,;Schiller, Friedrich von,;Schiller, Friedrich von,;Schiller, Friedrich von	 4
Scott, Walter,;Scott, Walter	 4
Tessin, Carl Gustaf	 4
Trozelius, Clas Blechert,;Trozelius, Clas Blechert,;Trozelius, Clas Blechert,;Trozelius, Clas Blechert,;Trozelius, Clas Blechert,;Trozelius, Clas Blechert,;Trozelius, Clas Blechert	 4
Wallin, Johan Olof	 4
Agardh, Carl Adolph,;Agardh, Carl Adolph,;Agardh, Carl Adolph	 3
Axelson, Axel von	 3
Bellman, Carl Michael,;Bellman, Carl Michael,;Bellman, Carl Michael,;Bellman, Carl Michael,;Bellman, Carl Michael	 3
Benzelius, Erik	 3
Birgitta,;Birgitta,;Birgitta,;Birgitta,;Birgitta,;Birgitta,;Birgitta,;Birgitta,;Birgitta,;Birgitta,;Birgitta,;Birgitta,;Birgitta,;Birgitta,;Birgitta	 3
Brahe, Eric,;Brahe, Eric	 3
Campe, Joachim Heinrich	 3
Celsius, Anders	 3
Celsius, Nils	 3
Cicero, Marcus Tullius,;Cicero, Marcus Tullius,;Cicero, Marcus Tullius,;Cicero, Marcus Tullius	 3
Colling, Lars Johan,;Colling, Lars Johan,;Colling, Lars Johan	 3
De Geer, Charles;De Geer, Charles	 3
De la Myle, Carl Johan	 3
Ekerman, Petrus,;Ekerman, Petrus	 3
Fallén, Carl Fredrik,;Fallén, Carl Fredrik	 3
Florian, Jean-Pierre Claris de	 3
Fougt, Henric,;Fougt, Henric,;Fougt, Henric	 3
Franzén, Frans Michael,;Franzén, Frans Michael,;Franzén, Frans Michael	 3
Frölich, Eva Margareta	 3
Genlis, Stéphanie Félicité,;Genlis, Stéphanie Félicité,;Genlis, Stéphanie Félicité,;Genlis, Stéphanie Félicité,;Genlis, Stéphanie Félicité	 3
Gerhard, Johann	 3
Grönwall, Anders,;Grönwall, Anders,;Grönwall, Anders	 3
Gustav;Gustav;Gustav;Gustav;Gustav;Gustav;Gustav;Gustav;Gustav;Gustav	 3
Gustav;Gustav;Gustav;Gustav;Gustav;Gustav;Gustav;Gustav;Gustav;Gustav;Gustav;Gustav	 3
Ihre, Johan	 3
Krook, Samuel	 3
Kryger, Johan Fredrik,;Kryger, Johan Fredrik,;Kryger, Johan Fredrik,;Kryger, Johan Fredrik	 3
Laurelius, Olof,;Laurelius, Olof,;Laurelius, Olof,;Laurelius, Olof	 3
Leopold, Carl Gustaf af,;Leopold, Carl Gustaf af,;Leopold, Carl Gustaf af,;Leopold, Carl Gustaf af	 3
Liedbeck, Lars	 3
Löwenhielm, Gustaf,;Löwenhielm, Gustaf	 3
Luther, Martin,;Luther, Martin,;Luther, Martin,;Luther, Martin,;Luther, Martin	 3
Luther, Martin,;Luther, Martin,;Luther, Martin,;Luther, Martin,;Luther, Martin,;Luther, Martin,;Luther, Martin,;Luther, Martin,;Luther, Martin,;Luther, Martin,;Luther, Martin,;Luther, Martin,;Luther, Martin,;Luther, Martin,;Luther, Martin	 3
Melanderhielm, Daniel,;Melanderhielm, Daniel	 3
Messenius, Johannes	 3
Mörk, Jacob Henrik	 3
Norberg, Matthias	 3
Nordforss, Carl Gustaf,;Nordforss, Carl Gustaf	 3
Olbers, Levin,;Olbers, Levin,;Olbers, Levin	 3
Orrelius, Magnus,;Orrelius, Magnus,;Orrelius, Magnus,;Orrelius, Magnus	 3
Rhyzelius, Andreas Olavi	 3
Riddermarck, Andreas	 3
Rudbeck, Johan Olof	 3
Schantz, Gustaf von,;Schantz, Gustaf von	 3
Schiller, Friedrich von,;Schiller, Friedrich von,;Schiller, Friedrich von,;Schiller, Friedrich von,;Schiller, Friedrich von,;Schiller, Friedrich von,;Bruzelius, Emanuel	 3
Schultén, Nathanael Gerhard af	 3
Vergilius Maro, Publius,;Vergilius Maro, Publius,;Vergilius Maro, Publius,;Vergilius Maro, Publius,;Vergilius Maro, Publius,;Vergilius Maro, Publius,;Vergilius Maro, Publius,;Vergilius Maro, Publius,;Vergilius Maro, Publius,;Vergilius Maro, Publius,;Vergilius Maro, Publius,;Vergilius Maro, Publius	 3
Wallquist, Olof	 3
Wilcke, Samuel	 3
Acrel, Olof af,;Acrel, Olof af	 2
Ballenstedt, Johann Georg Justus,;Stjernstolpe, Jonas Magnus,;Stjernstolpe, Jonas Magnus	 2
Bastholm, Christian	 2
Bergeström, Hans	 2
Bergsten, Erik	 2
Berzelius, Jacob,;Berzelius, Jacob,;Berzelius, Jacob,;Berzelius, Jacob,;Berzelius, Jacob,;Berzelius, Jacob	 2
Billberg, Gustaf,;Billberg, Gustaf,;Billberg, Gustaf	 2
Bilmark, Johan,;Bilmark, Johan,;Bilmark, Johan,;Bilmark, Johan	 2
Bladh, Peter Johan	 2
Boëthius, Jacob	 2
Boëthius, Jacob Georg	 2
Botvidi, Johannes,;Botvidi, Johannes,;Botvidi, Johannes,;Botvidi, Johannes,;Botvidi, Johannes	 2
Brauner, Jan	 2
Brenner, Sophia Elisabeth,;Brenner, Sophia Elisabeth	 2
Burman, Eric,;Burman, Eric,;Burman, Eric	 2
Campe, Joachim Heinrich,;Krutmejer, David	 2
Cronstedt, Axel Fredrik,;Cronstedt, Axel Fredrik	 2
De la Gardie, Jacob,;De la Gardie, Jacob	 2
Ekmarck, Carl Erik,;Ekmarck, Carl Erik	 2
Elvius, Pehr	 2
Engeström, Gustaf von,;Engeström, Gustaf von	 2
Fénelon, François de Salignac de la Mothe,;Fénelon, François de Salignac de la Mothe	 2
Fouqué, Friedrich de la Motte,;Fouqué, Friedrich de la Motte,;Fouqué, Friedrich de la Motte,;Fouqué, Friedrich de la Motte,;Fouqué, Friedrich de la Motte,;Fouqué, Friedrich de la Motte,;Fouqué, Friedrich de la Motte,;Fouqué, Friedrich de la Motte,;Fouqué, Friedrich de la Motte,;Fouqué, Friedrich de la Motte	 2
Fredrik;Fredrik;Fredrik;Fredrik;Fredrik;Fredrik;Fredrik;Fredrik;Fredrik	 2
Fries, Elias	 2
Frietzcky, Clas	 2
Fritsch, Ahasver,;Fritsch, Ahasver	 2
Gezelius, Johannes,;Gezelius, Johannes	 2
Gjörwell, Carl Christoffer,;Gjörwell, Carl Christoffer,;Gjörwell, Carl Christoffer,;Lagerbring, Sven,;Lagerbring, Sven	 2
Goethe, Johann Wolfgang von,;Goethe, Johann Wolfgang von,;Goethe, Johann Wolfgang von,;Goethe, Johann Wolfgang von	 2
Gröndaal, Petrus	 2
Gynther, Sven Wilhelm	 2
Hadorph, Johan,;Hadorph, Johan	 2
Hagberg, Carl Peter,;Hagberg, Carl Peter	 2
Halldin, Johan Gustaf	 2
Hallman, Carl Israel	 2
Hedrén, Johan Jacob	 2
Helsingius, Daniel Georgii,;Helsingius, Daniel Georgii,;Helsingius, Daniel Georgii	 2
Herlitz, David	 2
Hermansson, Matthias von,;Hermansson, Matthias von,;Hermansson, Matthias von,;Hermansson, Matthias von	 2
Hermelin, Samuel Gustaf	 2
Hoof, Jacob Otto	 2
Höpken, Carl Fredrik von	 2
Hülphers, Abraham Abrahamsson	 2
Karl August,;Karl August	 2
Kristina,;Kristina,;Kristina,;Kristina,;Kristina,;Kristina	 2
Lannér, Israel,;Lannér, Israel	 2
Lantingshausen, Jakob Albrekt von	 2
Lehnberg, Magnus	 2
Lenaeus, Johannes Canuti,;Lenaeus, Johannes Canuti	 2
Lenngren, Anna Maria	 2
Liljensparre, Henrik,;Liljensparre, Henrik,;Liljensparre, Henrik,;Liljensparre, Henrik	 2
Linné, Carl von,;Linné, Carl von,;Linné, Carl von,;Linné, Carl von,;Linné, Carl von,;Linné, Carl von,;Linné, Carl von	 2
Manderström, Christopher	 2
Melkorstadindal, Magnus Andreae,;Melkorstadindal, Magnus Andreae	 2
Mennander, Carl Fredrik,;Mennander, Carl Fredrik,;Mennander, Carl Fredrik	 2
Mörner, Adolf Göran	 2
Muhrbeck, Lorentz,;Muhrbeck, Lorentz,;Muhrbeck, Lorentz,;Muhrbeck, Lorentz,;Muhrbeck, Lorentz,;Muhrbeck, Lorentz,;Muhrbeck, Lorentz	 2
Nicander, Anders,;Nicander, Anders,;Nicander, Anders,;Nicander, Anders	 2
Nordberg, Jöran Andersson,;Nordberg, Jöran Andersson	 2
Nordin, Carl Gustaf	 2
Nyström, Petter Jöransson	 2
Odhelius, Ericus Haquini	 2
Palmblad, Vilhelm Fredrik,;Palmblad, Vilhelm Fredrik,;Palmblad, Vilhelm Fredrik,;Palmblad, Vilhelm Fredrik,;Palmblad, Vilhelm Fredrik,;Palmblad, Vilhelm Fredrik,;Palmblad, Vilhelm Fredrik,;Livijn, Clas,;Livijn, Clas,;Livijn, Clas,;Livijn, Clas	 2
Porthan, Henrik Gabriel	 2
Rambach, Johann Jacob,;Rambach, Johann Jacob,;Rambach, Johann Jacob	 2
Roberg, Lars	 2
Roche, Regina Maria	 2
Rosenstein, Carl von,;Rosenstein, Carl von	 2
Rothlieb, Carl Fredrik,;Rothlieb, Carl Fredrik	 2
Rothlieb, Carl Fredrik,;Rothlieb, Carl Fredrik,;Hammarsköld, Lorenzo	 2
Rudén, Thorsten,;Rudén, Thorsten	 2
Sachs, Michael,;Sachs, Michael	 2
Saltza, Edvard Fredrik von	 2
Schefferus, Johannes,;Schefferus, Johannes,;Schefferus, Johannes,;Schefferus, Johannes,;Schefferus, Johannes	 2
Schenmark, Johan	 2
Schönberg, Anders	 2
Schopenhauer, Johanna,;Schopenhauer, Johanna	 2
Schulzenheim, David von,;Schulzenheim, David von,;Schulzenheim, David von	 2
Sebaldt, Carl Fredric,;Sebaldt, Carl Fredric,;Sebaldt, Carl Fredric	 2
Serenius, Jacob	 2
Seseman, Hans Jacob	 2
Silverstolpe, Axel Gabriel	 2
Sinold von Schütz, Philipp Balthasar,;Sinold von Schütz, Philipp Balthasar,;Sinold von Schütz, Philipp Balthasar,;Sinold von Schütz, Philipp Balthasar,;Sinold von Schütz, Philipp Balthasar	 2
Sjöborg, Nils Henrik,;Sjöborg, Nils Henrik,;Sjöborg, Nils Henrik,;Sjöborg, Nils Henrik	 2
Skjöldebrand, Anders Fredrik	 2
Skjöldebrand, Eric,;Skjöldebrand, Eric,;Skjöldebrand, Eric,;Skjöldebrand, Eric,;Skjöldebrand, Eric	 2
Skytte, Lars	 2
Stenbock, Magnus,;Stenbock, Magnus,;Stenbock, Magnus	 2
Stiernhöök, Johan Olofsson,;Stiernhöök, Johan Olofsson,;Stiernhöök, Johan Olofsson	 2
Swedberg, Jesper,;Swedberg, Jesper	 2
Swederus, Magnus,;Swederus, Magnus,;Swederus, Magnus	 2
Thorild, Thomas	 2
Törnflycht, Mikael	 2
Triewald, Mårten	 2
Voltaire,;Voltaire,;Voltaire,;Voltaire,;Voltaire	 2
Voltemat, Henric Julius	 2
Vörlund, Henric	 2
Vossius, Gerardus Joannis,;Vossius, Gerardus Joannis,;Vossius, Gerardus Joannis,;Vossius, Gerardus Joannis,;Vossius, Gerardus Joannis,;Vossius, Gerardus Joannis	 2
Wahrman, Sven Niclas	 2
Wallenius, Jacob,;Wallenius, Jacob	 2
Wallenstråle, Martin Georg,;Wallenstråle, Martin Georg	 2
Waller, Eric	 2
Wallin, Josef	 2
Wallius, Laurentius Olai,;Wallius, Laurentius Olai	 2
Warnmark, Peter	 2
Weltzin, Carolin,;Weltzin, Carolin	 2
Wirsén, Gustaf Fredrik	 2
Wistrand, Anders,;Lafontaine, August Heinrich Julius,;Lafontaine, August Heinrich Julius,;Lafontaine, August Heinrich Julius,;Lafontaine, August Heinrich Julius,;Lafontaine, August Heinrich Julius,;Lafontaine, August Heinrich Julius,;Lafontaine, August Heinrich Julius,;Lafontaine, August Heinrich Julius,;Lafontaine, August Heinrich Julius	 2
Acerbi, Giuseppe	 1
Adler Salvius, Johan	 1
Adlerbeth, Gudmund Jöran,;Adlerbeth, Gudmund Jöran,;Adlerbeth, Gudmund Jöran	 1
Adlermarck, Carl Gustaf,;Adlermarck, Carl Gustaf	 1
Adlerstam, Carl Gustaf	 1
Adolf Fredrik,;Adolf Fredrik	 1
Afthonios,;Afthonios,;Afthonios,;Priscianus,;Priscianus,;Priscianus,;Priscianus,;Schefferus, Johannes,;Schefferus, Johannes,;Schefferus, Johannes,;Schefferus, Johannes,;Schefferus, Johannes,;Theon, Ailios,;Theon, Ailios,;Theon, Ailios	 1
Afzelius, Arvid August,;Afzelius, Arvid August,;Afzelius, Arvid August,;Afzelius, Arvid August	 1
Ahlgrén, Catharina,;Ahlgrén, Catharina	 1
Ahlqvist, Pehr,;Ahlqvist, Pehr	 1
Ahlström, Carl Johan	 1
Åkerblad, Johan David,;Åkerblad, Johan David	 1
Åkerland, Erik,;Åkerland, Erik,;Creutz, Gustaf Philip,;Creutz, Gustaf Philip	 1
Albin, Eleazar,;Clerck, Carl Alexander,;Clerck, Carl Alexander	 1
Aleksej Michajlovič,;Aleksej Michajlovič,;Aleksej Michajlovič,;Aleksej Michajlovič,;Aleksej Michajlovič,;Aleksej Michajlovič,;Aleksej Michajlovič,;Karl;Karl;Karl	 1
Alembert, Jean le Rond d',;Alembert, Jean le Rond d',;Alembert, Jean le Rond d',;Alembert, Jean le Rond d',;Alembert, Jean le Rond d'	 1
Alexander;Alexander;Alexander;Alexander;Alexander;Alexander	 1
Almqvist, Carl Jonas Love,;Almqvist, Carl Jonas Love,;Almqvist, Carl Jonas Love,;Almqvist, Carl Jonas Love,;Almqvist, Carl Jonas Love,;Almqvist, Carl Jonas Love,;Almqvist, Carl Jonas Love,;Almqvist, Carl Jonas Love,;Almqvist, Carl Jonas Love,;Almqvist, Carl Jonas Love,;Almqvist, Carl Jonas Love	 1
Am Wald, Georg,;Am Wald, Georg,;Am Wald, Georg	 1
Amnelius, Andreas Petri,;Amnelius, Andreas Petri,;Amnelius, Andreas Petri,;Qvirsfeld, Johann	 1
Andersson, Roloff	 1
Andreas Jonae	 1
Angelini, Jöns Eric,;Angelini, Jöns Eric,;Angelini, Jöns Eric,;Angelini, Jöns Eric,;Angelini, Jöns Eric,;Angelini, Jöns Eric	 1
Appert, Nicolas	 1
Armfelt, Gustaf Mauritz	 1
Arnauld d'Andilly, Robert,;Serenius, Jacob,;Josephus, Flavius,;Josephus, Flavius,;Josephus, Flavius,;Josephus, Flavius,;Josephus, Flavius,;Josephus, Flavius,;Josephus, Flavius,;Josephus, Flavius,;Josephus, Flavius,;Holberg, Ludvig,;Holberg, Ludvig,;Holberg, Ludvig,;Holberg, Ludvig,;Holberg, Ludvig	 1
Arvid Månsson,;Arvid Månsson,;Arvid Månsson,;Arvid Månsson,;Arvid Månsson	 1
Arvidus Olai,;Arvidus Olai	 1
Askengren, Johan Gustaf	 1
Aspegren, Gustaf Casten	 1
Åstrand, Johan,;Åstrand, Johan	 1
Atterbom, Per Daniel Amadeus,;Atterbom, Per Daniel Amadeus	 1
Augustinus, Aurelius,;Augustinus, Aurelius,;Augustinus, Aurelius,;Augustinus, Aurelius,;Augustinus, Aurelius,;Augustinus, Aurelius,;Augustinus, Aurelius,;Augustinus, Aurelius	 1
Aurelius, Aegidius Matthiæ,;Aurelius, Aegidius Matthiæ,;Aurelius, Aegidius Matthiæ,;Aurelius, Aegidius Matthiæ	 1
Aurivillius, Pehr Fabian,;Aurivillius, Pehr Fabian	 1
Bælter, Sven,;Kiesewetter, Gottfried	 1
Båld, Anders,;Båld, Anders	 1
Barchius, Nicolaus	 1
Bartholin, Caspar,;Bartholin, Caspar	 1
Baudewien, Johann	 1
Bauer, Johann Christian August,;Bauer, Johann Christian August,;Karl;Karl;Karl;Karl;Rademine, Carl Eric	 1
Beckman, Johan	 1
Beer, Wolfgang Dominicus	 1
Bellman, Johan Arndt,;Konfucius,;Konfucius,;Konfucius,;Konfucius,;Konfucius,;Konfucius,;Konfucius,;Konfucius,;Konfucius,;Konfucius,;Konfucius,;Konfucius,;Konfucius	 1
Bentham, Jeremy,;Bentham, Jeremy	 1
Benzelius, Erik,;Dalin, Olof von,;Dalin, Olof von,;Dalin, Olof von,;Dalin, Olof von	 1
Benzelius, Henrik	 1
Benzelius, Henrik,;Linnerius, Jonas,;Linnerius, Jonas	 1
Benzelstierna, Gustaf	 1
Berger, Christina Charlotta Ulrica,;Berger, Christina Charlotta Ulrica	 1
Bergius, Olaus Nicolai	 1
Bergvall, Mårten,;Bergvall, Mårten,;Bergvall, Mårten,;Bergvall, Mårten	 1
Bernhard av Clairvaux,;Bernhard av Clairvaux,;Bernhard av Clairvaux,;Bernhard av Clairvaux,;Bernhard av Clairvaux,;Bernhard av Clairvaux	 1
Berquin, Arnaud,;Berquin, Arnaud,;Krutmejer, David	 1
Beskow, Bernhard von,;Beskow, Bernhard von	 1
Bexell, Sven Peter,;Bexell, Sven Peter	 1
Bielke, Claes,;Bielke, Claes,;Wallius, Laurentius Olai,;Wallius, Laurentius Olai	 1
Bilberg, Gustaf Otto,;Bilberg, Gustaf Otto	 1
Björn, Didric Gabriel,;Calderón de la Barca, Pedro,;Calderón de la Barca, Pedro,;Calderón de la Barca, Pedro	 1
Bjurbäck, Olof,;Bjurbäck, Olof,;Bjurbäck, Olof	 1
Blom, Carl Magnus,;Blom, Carl Magnus	 1
Blume, Johan Benjamin,;Brunkman, Carl,;Brunkman, Carl	 1
Bodard de Tézay, Nicolas Marie Félix,;Unger, Friederike Helene,;Unger, Friederike Helene	 1
Bonsdorff, Petrus Adolphus von	 1
Brask, Hans	 1
Breckling, Friedrich,;Breckling, Friedrich,;Breckling, Friedrich,;Breckling, Friedrich	 1
Breda, Carl Fredrik von,;Hagberg, Carl Peter,;Hagberg, Carl Peter	 1
Brelin, Nils,;Brelin, Nils,;Brelin, Nils	 1
Bremer, Fredrika,;Bremer, Fredrika,;Bremer, Fredrika,;Bremer, Fredrika,;Bremer, Fredrika,;Bremer, Fredrika,;Bremer, Fredrika,;Bremer, Fredrika,;Bremer, Fredrika	 1
Bremming, Jöns,;Bremming, Jöns	 1
Bromell, Magnus von,;Bromell, Magnus von	 1
Broomé, Carl Fredrik	 1
Brunius, Carl Georg	 1
Brunius, Carl Georg,;Liljegren, Johan Gustaf	 1
Bunyan, John,;Bunyan, John,;Bunyan, John,;Bunyan, John,;Bunyan, John	 1
Bunyan, John,;Bunyan, John,;Bunyan, John,;Bunyan, John,;Bunyan, John,;Bunyan, John,;Bunyan, John,;Bunyan, John,;Bunyan, John,;Bunyan, John,;Bunyan, John,;Bunyan, John,;Bunyan, John,;Bunyan, John,;Bunyan, John,;Bunyan, John,;Bunyan, John,;Bunyan, John,;Bunyan, John,;Bunyan, John,;Bunyan, John,;Bunyan, John,;Bunyan, John,;Bunyan, John,;Bunyan, John,;Bunyan, John	 1
Bure, Olof	 1
Bureus, Andreas	 1
Bureus, Johannes,;Bureus, Johannes,;Bureus, Johannes	 1
Bürger, Gottfried August,;Bürger, Gottfried August,;Bürger, Gottfried August,;Bürger, Gottfried August	 1
Burman, Gerhard von	 1
Cabiljau, Johannes,;Cabiljau, Johannes	 1
Campan, Jeanne-Louise-Henriette,;Campan, Jeanne-Louise-Henriette,;Campan, Jeanne-Louise-Henriette,;Collin, Johan Gabriel,;Barrière, François,;Eriksson, Gustaf	 1
Campe, Joachim Heinrich,;Rademine, Carl Eric	 1
Carelius, Olaus Petri,;Carelius, Olaus Petri,;Carelius, Olaus Petri	 1
Carleson, Edvard	 1
Castéra, Jean Henri	 1
Cato, Marcus Porcius,;Cato, Marcus Porcius,;Cato, Marcus Porcius,;Cato, Marcus Porcius,;Cato, Marcus Porcius	 1
Cederborg, Hans Philip	 1
Cederborgh, Fredric,;Cederborgh, Fredric	 1
Cederschiöld, Pehr Gustaf,;Cederschiöld, Pehr Gustaf,;Cederschiöld, Pehr Gustaf	 1
Cellarius, Christoph,;Cellarius, Christoph	 1
Chaptal, Jean Antoine Claude,;Chaptal, Jean Antoine Claude	 1
Chemnitz, Bogislaus Philipp von,;Chemnitz, Bogislaus Philipp von,;Chemnitz, Bogislaus Philipp von,;Chemnitz, Bogislaus Philipp von	 1
Chenon, Leonhard Johan	 1
Chydenius, Anders,;Chydenius, Anders,;Chydenius, Anders,;Chydenius, Anders	 1
Chytraeus, Nathan,;Chytraeus, Nathan,;Chytraeus, Nathan	 1
Chytraeus, Nathan,;Chytraeus, Nathan,;Chytraeus, Nathan,;Tiderus, Arvid,;Olaus Nicolai	 1
Clerck, Carl Alexander,;Clerck, Carl Alexander	 1
Cleve, Friedrich August,;Campe, Joachim Heinrich	 1
Collin, Johan Gabriel	 1
Collin, Sven Johan,;Picquenard, Jean-Baptiste	 1
Comenius, Johann Amos,;Comenius, Johann Amos,;Comenius, Johann Amos,;Comenius, Johann Amos	 1
Cottin, Sophie,;Cottin, Sophie,;Cottin, Sophie,;Cottin, Sophie	 1
Coxe, William,;Coxe, William	 1
Crébillon, Claude-Prosper Jolyot de,;Crébillon, Claude-Prosper Jolyot de,;Crébillon, Claude-Prosper Jolyot de,;Crébillon, Claude-Prosper Jolyot de,;Crébillon, Claude-Prosper Jolyot de	 1
Creutz, Gustaf Philip,;Creutz, Gustaf Philip	 1
Cronhielm, Gustaf,;Cronhielm, Gustaf	 1
Curtius Rufus, Quintus,;Curtius Rufus, Quintus,;Curtius Rufus, Quintus,;Curtius Rufus, Quintus,;Curtius Rufus, Quintus	 1
Dahlgren, Carl Fredric,;Dahlgren, Carl Fredric,;Dahlgren, Carl Fredric	 1
Dal, Nils Hufwedsson,;Dal, Nils Hufwedsson,;Dal, Nils Hufwedsson,;Dal, Nils Hufwedsson,;Plutarchos,;Plutarchos,;Plutarchos,;Plutarchos,;Plutarchos,;Plutarchos,;Plutarchos,;Plutarchos,;Plutarchos,;Plutarchos,;Plutarchos	 1
Dalayrac, Nicolas,;Dalayrac, Nicolas,;Nordforss, Carl Gustaf,;Nordforss, Carl Gustaf,;Marsollier des Vivetières, Benoît Joseph	 1
Darelli, Isak af,;Darelli, Isak af,;Voltaire,;Voltaire,;Voltaire,;Voltaire,;Voltaire	 1
De Besche, Isac Georg	 1
De la Gardie, Jacob,;De la Gardie, Jacob,;Mörner, Carl Carlsson,;Mörner, Carl Carlsson,;Mörner, Carl Carlsson	 1
De la Gardie, Magnus Gabriel,;De la Gardie, Magnus Gabriel,;De la Gardie, Magnus Gabriel	 1
Defoe, Daniel,;Defoe, Daniel,;Defoe, Daniel,;Defoe, Daniel,;Defoe, Daniel,;Defoe, Daniel,;Defoe, Daniel,;Defoe, Daniel,;Defoe, Daniel,;Defoe, Daniel,;Defoe, Daniel,;Defoe, Daniel,;Defoe, Daniel,;Defoe, Daniel,;Defoe, Daniel,;Defoe, Daniel,;Defoe, Daniel,;Defoe, Daniel,;Defoe, Daniel,;Defoe, Daniel,;Defoe, Daniel,;Defoe, Daniel,;Defoe, Daniel,;Defoe, Daniel,;Defoe, Daniel,;Defoe, Daniel,;Defoe, Daniel,;Defoe, Daniel,;Defoe, Daniel,;Defoe, Daniel	 1
Denell, Jöns Henric,;Denell, Jöns Henric	 1
Depkin, Liborius	 1
Descartes, René,;Descartes, René,;Descartes, René,;Descartes, René,;Descartes, René	 1
Desideria,;Desideria,;Desideria,;Desideria,;Oskar;Oskar	 1
Döbeln, Johan Jacob von	 1
Doddridge, Philip	 1
Ducray-Duminil, François Guillaume	 1
Dunckel, Dorothea	 1
Dunckel, Dorothea,;Strauss, Friedrich,;Strauss, Friedrich,;Strauss, Friedrich	 1
Eberhard, Christoph,;Eberhard, Christoph	 1
Eberhardt, Johan Hartman	 1
Eenhorn von Geisz, Antonius	 1
Eggert, Joachim Nikolas,;Eggert, Joachim Nikolas,;Eggert, Joachim Nikolas,;Eggert, Joachim Nikolas,;Eggert, Joachim Nikolas,;Eggert, Joachim Nikolas,;Eggert, Joachim Nikolas,;Eggert, Joachim Nikolas,;Eggert, Joachim Nikolas,;Wallin, Johan Olof	 1
Ehrengranat, Claes Adam	 1
Ehrenstråle, David,;Ehrenstråle, David,;Ehrenstråle, David	 1
Ehrensvärd, Augustin,;Arbin, Axel Magnus von	 1
Ekelund, Jacob,;Ekelund, Jacob,;Ekelund, Jacob	 1
Ekmanson, Johan Samuel,;Wieland, Christoph Martin,;Wieland, Christoph Martin	 1
Elizabet Petrovna,;Elizabet Petrovna,;Elizabet Petrovna,;Elizabet Petrovna,;Elizabet Petrovna,;Elizabet Petrovna,;Elizabet Petrovna,;Elizabet Petrovna	 1
Elzberg, Maria	 1
Engeström, Johan	 1
Engzell, Gustaf	 1
Envallsson, Carl	 1
Envallsson, Carl,;Gustav;Gustav	 1
Envallsson, Carl,;Philidor, François André Danican,;Philidor, François André Danican,;Philidor, François André Danican,;Philidor, François André Danican,;Philidor, François André Danican,;Philidor, François André Danican,;Philidor, François André Danican	 1
Envallsson, Carl,;Voisenon, Claude Henri de Fusée de,;Voisenon, Claude Henri de Fusée de	 1
Ericus Erici;Ericus Erici	 1
Esberg, Johannes,;Esberg, Johannes,;Esberg, Johannes,;Esberg, Johannes,;Esberg, Johannes	 1
Essen, Fredric Ulric von	 1
Euripides,;Euripides	 1
Falck, Anders,;Falck, Anders	 1
Falck, Johan Peter,;Falck, Johan Peter	 1
Fant, Eric Michael,;Fant, Eric Michael,;Fant, Eric Michael,;Fant, Eric Michael,;Fant, Eric Michael,;Fant, Eric Michael,;Fant, Eric Michael,;Fant, Eric Michael,;Fant, Eric Michael,;Fant, Eric Michael,;Fant, Eric Michael,;Fant, Eric Michael,;Schröder, Johan Henrik,;Schröder, Johan Henrik,;Geijer, Erik Gustaf,;Geijer, Erik Gustaf,;Geijer, Erik Gustaf	 1
Fant, Eric Michael,;Fant, Eric Michael,;Fant, Eric Michael,;Fant, Eric Michael,;Fant, Eric Michael,;Fant, Eric Michael,;Fant, Eric Michael,;Fant, Eric Michael,;Fant, Eric Michael,;Fant, Eric Michael,;Fant, Eric Michael,;Gjörwell, Carl Christoffer,;Gjörwell, Carl Christoffer,;Gjörwell, Carl Christoffer,;Fant, Eric Michael	 1
Fernbom, Henric Denisson,;Fernbom, Henric Denisson	 1
Fersen, Axel von,;Fersen, Axel von	 1
Fersen, Axel von,;Fersen, Axel von,;Adolf Fredrik,;Adolf Fredrik	 1
Fersen, Axel von,;Fersen, Axel von,;Rosenstein, Nils von,;Rosenstein, Nils von	 1
Fischer, Christian August,;Gjörwell, Carl Christoffer,;Gjörwell, Carl Christoffer,;Gjörwell, Carl Christoffer	 1
Flintberg, Carl Henric,;Flintberg, Carl Henric,;Flintberg, Carl Henric,;Bernard, Pierre-Joseph,;Bernard, Pierre-Joseph	 1
Flittner, Christian Gottfried	 1
Florinus, Henricus Matthiae,;Florinus, Henricus Matthiae	 1
Forssén, Eric	 1
Fougdonius, Josephus Matthiae	 1
Francke, August Hermann,;Francke, August Hermann,;Francke, August Hermann	 1
Franzén, Frans Michael,;Franzén, Frans Michael,;Franzén, Frans Michael,;Rosén von Rosenstein, Nils,;Rosén von Rosenstein, Nils,;Rosén von Rosenstein, Nils,;Rosén von Rosenstein, Nils,;Rosén von Rosenstein, Nils	 1
Franzén, Frans Michael,;Franzén, Frans Michael,;Franzén, Frans Michael,;Wallin, Johan Olof	 1
Fredrik;Fredrik;Fredrik;Fredrik	 1
Fredrik;Fredrik;Fredrik;Fredrik;Tessin, Nicodemus,;Tessin, Nicodemus	 1
Fritze, Johann Friedrich	 1
Fröberg, Johan Petter	 1
Fryxell, Anders	 1
Gahm Persson, Sigfrid Lorentz,;Uggla, Carl Fredrik Hillebrandsson,;Uggla, Carl Fredrik Hillebrandsson,;Uggla, Carl Fredrik Hillebrandsson,;Uggla, Carl Fredrik Hillebrandsson,;Uggla, Carl Fredrik Hillebrandsson,;Uggla, Carl Fredrik Hillebrandsson,;Uggla, Carl Fredrik Hillebrandsson,;Uggla, Carl Fredrik Hillebrandsson,;Uggla, Carl Fredrik Hillebrandsson	 1
Gedda, Peter Niclas von	 1
Geijger, Matthias	 1
Genlis, Stéphanie Félicité,;Genlis, Stéphanie Félicité,;Genlis, Stéphanie Félicité,;Genlis, Stéphanie Félicité,;Genlis, Stéphanie Félicité,;Wahrman, Sven Niclas	 1
Georgii, Carl Fredrik,;Georgii, Carl Fredrik	 1
Georgii, Carl Fredrik,;Georgii, Carl Fredrik,;Graffman, Hans	 1
Georgii, Carl Fredrik,;Georgii, Carl Fredrik,;Nohrborg, Daniel,;Nohrborg, Daniel,;Nohrborg, Daniel,;Nohrborg, Daniel	 1
Gezelius, Johannes	 1
Gezelius, Johannes,;Gezelius, Johannes,;Curtius Rufus, Quintus,;Curtius Rufus, Quintus,;Curtius Rufus, Quintus,;Curtius Rufus, Quintus,;Curtius Rufus, Quintus	 1
Gezelius, Johannes,;Gezelius, Johannes,;Tolpo, Simon Johannis	 1
Gezelius, Johannes,;Lauremberg, Peter,;Lauremberg, Peter,;Lauremberg, Peter,;Lauremberg, Peter	 1
Gibbon, Edward	 1
Gjörwell, Carl Christoffer,;Gjörwell, Carl Christoffer,;Gjörwell, Carl Christoffer,;Aurivillius, Pehr Fabian,;Aurivillius, Pehr Fabian	 1
Gjörwell, Carl Christoffer,;Gjörwell, Carl Christoffer,;Gjörwell, Carl Christoffer,;Fellenius, Jonas Reinhold,;Fellenius, Jonas Reinhold,;Fellenius, Jonas Reinhold,;Fellenius, Jonas Reinhold,;Fellenius, Jonas Reinhold,;Fellenius, Jonas Reinhold	 1
Gjörwell, Carl Christoffer,;Gjörwell, Carl Christoffer,;Gjörwell, Carl Christoffer,;Fischer, Christian August	 1
Gjörwell, Carl Christoffer,;Gjörwell, Carl Christoffer,;Gjörwell, Carl Christoffer,;Regnér, Gustaf,;Regnér, Gustaf,;Regnér, Gustaf,;Regnér, Gustaf	 1
Gjörwell, Carl Christoffer,;Gjörwell, Carl Christoffer,;Gjörwell, Carl Christoffer,;Schönberg, Anders	 1
Gjörwell, Carl Christoffer,;Gjörwell, Carl Christoffer,;Gjörwell, Carl Christoffer,;Uggla, Carl Fredrik Hillebrandsson,;Uggla, Carl Fredrik Hillebrandsson,;Uggla, Carl Fredrik Hillebrandsson,;Uggla, Carl Fredrik Hillebrandsson,;Uggla, Carl Fredrik Hillebrandsson,;Uggla, Carl Fredrik Hillebrandsson,;Uggla, Carl Fredrik Hillebrandsson,;Uggla, Carl Fredrik Hillebrandsson,;Uggla, Carl Fredrik Hillebrandsson	 1
Goethe, Johann Wolfgang von,;Goethe, Johann Wolfgang von,;Goethe, Johann Wolfgang von,;Goethe, Johann Wolfgang von,;Bruzelius, Emanuel	 1
Goethe, Johann Wolfgang von,;Goethe, Johann Wolfgang von,;Goethe, Johann Wolfgang von,;Goethe, Johann Wolfgang von,;Ekendahl, Daniel Georg	 1
Götrek, Per,;Götrek, Per,;Götrek, Per,;Götrek, Per,;Götrek, Per	 1
Gottmarck, Johan,;Gottmarck, Johan,;Gottmarck, Johan,;Gottmarck, Johan,;Gottmarck, Johan,;Gottmarck, Johan,;Gottmarck, Johan,;Gottmarck, Johan	 1
Gråberg, Olof	 1
Gravallius, Daniel Ehrenfried	 1
Groth, Carl von;Groth, Carl von;Höpken, Carl Fredrik von	 1
Gruber, Johann Gottfried,;Fröberg, Johan Petter	 1
Gullbransson, Abela	 1
Gumælius, Otto Joël	 1
Gustav;Gustav;Adolf Fredrik,;Adolf Fredrik	 1
Gustav;Gustav;Gustav	 1
Gustav;Gustav;Gustav;Gustav;Gustav;Gustav;Gustav;Gustav;Gustav;Gustav;Gustav;Gustav;Kempenskiöld, Samuel,;Kempenskiöld, Samuel	 1
Gustav;Gustav;Gustav;Widekindi, Johan,;Widekindi, Johan,;Widekindi, Johan,;Widekindi, Johan,;Widekindi, Johan,;Widekindi, Johan,;Widekindi, Johan,;Widekindi, Johan	 1
Guyet, François,;Guyet, François,;Phaedrus,;Phaedrus,;Schefferus, Johannes,;Schefferus, Johannes,;Schefferus, Johannes,;Schefferus, Johannes,;Schefferus, Johannes	 1
Hagelsten, Sven Magni	 1
Hagström, Carl P.	 1
Halenius, Engelbert	 1
Halldin, Johan Gustaf,;Bergström, Pehr,;Bergström, Pehr	 1
Hallenberg, Jonas	 1
Haller, Albrecht von,;Haller, Albrecht von,;Haller, Albrecht von,;Haller, Albrecht von,;Haller, Albrecht von,;Haller, Albrecht von,;Haller, Albrecht von,;Haller, Albrecht von,;Haller, Albrecht von,;Haller, Albrecht von,;Haller, Albrecht von,;Haller, Albrecht von,;Forssén, Eric	 1
Hallman, Carl Israel,;Bellman, Carl Michael,;Bellman, Carl Michael,;Bellman, Carl Michael,;Bellman, Carl Michael,;Bellman, Carl Michael	 1
Hallman, Carl Israel,;Leijonhufvud, Axel Gabriel,;Leijonhufvud, Axel Gabriel	 1
Hällström, Carl Peter	 1
Hammarsköld, Lorenzo,;Rothlieb, Carl Fredrik,;Rothlieb, Carl Fredrik	 1
Hammarsköld, Lorenzo,;Vergilius Maro, Publius,;Vergilius Maro, Publius,;Vergilius Maro, Publius,;Vergilius Maro, Publius,;Vergilius Maro, Publius,;Vergilius Maro, Publius,;Vergilius Maro, Publius,;Vergilius Maro, Publius,;Vergilius Maro, Publius,;Vergilius Maro, Publius,;Vergilius Maro, Publius,;Vergilius Maro, Publius	 1
Haquinus Benedicti	 1
Haraldus Olai	 1
Hårleman, Carl	 1
Harlingson, Samuel Gustaf	 1
Hauff, Wilhelm	 1
Hebenstreit, Johann Ernst,;Hebenstreit, Johann Ernst,;Hebenstreit, Johann Ernst,;Hebenstreit, Johann Ernst,;Hebenstreit, Johann Ernst	 1
Hellzén, Pehr	 1
Helmfelt, Gustaf	 1
Helwig, Christoph	 1
Helwig, Jacob,;Helwig, Jacob	 1
Hill, Carl Johan Danielsson,;Hill, Carl Johan Danielsson,;Hill, Carl Johan Danielsson,;Hill, Carl Johan Danielsson,;Hill, Carl Johan Danielsson,;Hill, Carl Johan Danielsson,;Hill, Carl Johan Danielsson	 1
Hill, John,;Hill, John	 1
Hjortberg, Gustaf Fredric,;Hjortberg, Gustaf Fredric	 1
Hoffberg, Carl Fredrik,;Hoffberg, Carl Fredrik	 1
Hoghusen, Johan,;Hoghusen, Johan	 1
Högström, Pehr,;Högström, Pehr	 1
Hollatius, David,;Hollatius, David	 1
Hollatz, David,;Hollatz, David,;Hollatz, David	 1
Holmberger, Lars Magnus,;Holmberger, Lars Magnus,;Holmberger, Lars Magnus,;Holmberger, Lars Magnus	 1
Horatius Flaccus, Quintus,;Horatius Flaccus, Quintus,;Horatius Flaccus, Quintus,;Horatius Flaccus, Quintus,;Horatius Flaccus, Quintus,;Horatius Flaccus, Quintus,;Horatius Flaccus, Quintus,;Horatius Flaccus, Quintus	 1
Hübner, Johann,;Hübner, Johann,;Hübner, Johann	 1
Hunold, Christian Friedrich	 1
Hydrén, Lars,;Hydrén, Lars,;Hydrén, Lars,;Hydrén, Lars,;Hydrén, Lars,;Hydrén, Lars,;Hydrén, Lars,;Hydrén, Lars,;Hydrén, Lars	 1
Hylander, Anders,;Hylander, Anders,;Hylander, Anders,;Hylander, Anders,;Hylander, Anders,;Ibn al-Wardī, ʻUmar,;Ibn al-Wardī, ʻUmar,;Ibn al-Wardī, ʻUmar,;Ibn al-Wardī, ʻUmar,;Ibn al-Wardī, ʻUmar,;Ibn al-Wardī, ʻUmar,;Hylander, Sven	 1
Inchbald, Elizabeth	 1
Iser, Carl	 1
Jakob;Jakob;Jakob;Jakob;Jakob;Jakob	 1
Johan Israelsson	 1
Johannes Magnus,;Johannes Magnus,;Johannes Magnus,;Johannes Magnus,;Johannes Magnus	 1
Johannes Matthiæ,;Johannes Matthiæ,;Johannes Matthiæ,;Johannes Matthiæ,;Johannes Matthiæ	 1
Johannes Matthiæ,;Johannes Matthiæ,;Johannes Matthiæ,;Johannes Matthiæ,;Johannes Matthiæ,;Laurentius Paulinus Gothus,;Laurentius Paulinus Gothus,;Laurentius Paulinus Gothus,;Laurentius Paulinus Gothus	 1
Jonas Petri Gothus,;Jonas Petri Gothus,;Botvidi, Johannes,;Botvidi, Johannes,;Botvidi, Johannes,;Botvidi, Johannes,;Botvidi, Johannes	 1
Josefina,;Josefina,;Josefina,;Josefina	 1
Josephus, Flavius,;Josephus, Flavius,;Josephus, Flavius,;Josephus, Flavius,;Josephus, Flavius,;Josephus, Flavius,;Josephus, Flavius,;Josephus, Flavius,;Josephus, Flavius,;Holberg, Ludvig,;Holberg, Ludvig,;Holberg, Ludvig,;Holberg, Ludvig,;Holberg, Ludvig,;Serenius, Jacob,;Arnauld d'Andilly, Robert	 1
Jünger, Johann Friedrich	 1
Kallimachos,;Kallimachos,;Kallimachos,;Kallimachos,;Kallimachos,;Kallimachos,;Kallimachos,;Kallimachos,;Kallimachos,;Kallimachos,;Theokritos,;Theokritos,;Theokritos,;Theokritos,;Theokritos,;Theokritos,;Theokritos,;Theokritos,;Theokritos,;Tyrtaios,;Tyrtaios,;Tyrtaios,;Tyrtaios,;Salanus, Nicolaus Jonæ,;Bion,;Bion,;Bion,;Mimnermos,;Simonides,;Simonides,;Pythagoras;Pythagoras;Musaios,;Musaios,;Musaios,;Musaios,;Theognis,;Theognis,;Eratosthenes,;Hesiodos,;Hesiodos,;Hesiodos,;Hesiodos,;Hesiodos,;Hesiodos,;Hesiodos,;Hesiodos,;Hesiodos	 1
Karl;Karl;Karl;Karl	 1
Karl;Karl;Karl;Karl;Karl;Karl;Karl;Karl;Karl;Karl;Karl;Karl;Gumælius, Otto Joël	 1
Kellgren, Johan Henric,;Kellgren, Johan Henric,;Kellgren, Johan Henric,;Kellgren, Johan Henric,;Kellgren, Johan Henric,;Kellgren, Johan Henric,;Kellgren, Johan Henric,;Kellgren, Johan Henric,;Kellgren, Johan Henric,;Kellgren, Johan Henric,;Kellgren, Johan Henric	 1
Kind, Friedrich	 1
Klercker, Carl Nathanael af,;Klercker, Carl Nathanael af	 1
Klint, Gustaf af	 1
Knös, Gustaf	 1
Kock, Carl Anton	 1
Kollbecchius, Petrus Jonae	 1
Kolmodin, Erik	 1
Kotzebue, August von,;Kotzebue, August von	 1
Kotzebue, August von,;Kotzebue, August von,;Kullberg, Herman Anders	 1
Krok, Johan Peter	 1
Kröningssvärd, Carl Gustaf,;Kröningssvärd, Carl Gustaf	 1
Krutmejer, David	 1
Kühn, Friederike Henriette	 1
Kullberg, Herman Anders,;Widström, Ulrica Carolina,;Lewis, Matthew Gregory,;Lewis, Matthew Gregory	 1
La Guérinière, François Robichon de,;La Guérinière, François Robichon de,;La Guérinière, François Robichon de,;La Guérinière, François Robichon de	 1
La Salle, Adrien-Nicolas de,;La Salle, Adrien-Nicolas de	 1
La Serre, Jean Puget de,;La Serre, Jean Puget de,;La Serre, Jean Puget de,;La Serre, Jean Puget de	 1
La Serre, Jean Puget de,;La Serre, Jean Puget de,;La Serre, Jean Puget de,;La Serre, Jean Puget de,;Hiärne, Thomas,;Hiärne, Thomas	 1
La Tocnaye, Jacques-Louis de,;La Tocnaye, Jacques-Louis de,;La Tocnaye, Jacques-Louis de,;La Tocnaye, Jacques-Louis de,;La Tocnaye, Jacques-Louis de,;La Tocnaye, Jacques-Louis de	 1
Lafontaine, August Heinrich Julius,;Lafontaine, August Heinrich Julius,;Lafontaine, August Heinrich Julius,;Lafontaine, August Heinrich Julius,;Lafontaine, August Heinrich Julius,;Lafontaine, August Heinrich Julius,;Lafontaine, August Heinrich Julius,;Lafontaine, August Heinrich Julius,;Lafontaine, August Heinrich Julius,;Wahlström, Per,;Wahlström, Per	 1
Lafontaine, August Heinrich Julius,;Lafontaine, August Heinrich Julius,;Lafontaine, August Heinrich Julius,;Lafontaine, August Heinrich Julius,;Lafontaine, August Heinrich Julius,;Lafontaine, August Heinrich Julius,;Lafontaine, August Heinrich Julius,;Lafontaine, August Heinrich Julius,;Lafontaine, August Heinrich Julius,;Wistrand, Anders	 1
Lagerbring, Sven,;Lagerbring, Sven,;Gjörwell, Carl Christoffer,;Gjörwell, Carl Christoffer,;Gjörwell, Carl Christoffer	 1
Lagerhjelm, Pehr,;Lagerhjelm, Pehr	 1
Lamarck, Jean-Baptiste de Monet de,;Lamarck, Jean-Baptiste de Monet de,;Lamarck, Jean-Baptiste de Monet de,;Thunberg, Carl Peter,;Thunberg, Carl Peter	 1
Landerbeck, Nils,;Landerbeck, Nils	 1
Lange, Johan Georg,;Lange, Johan Georg,;Lange, Johan Georg	 1
Langhansen, Christian	 1
Lantier, Étienne François de	 1
Las Cases, Emmanuel-Augustin-Dieudonné-Joseph,;Las Cases, Emmanuel-Augustin-Dieudonné-Joseph,;Las Cases, Emmanuel-Augustin-Dieudonné-Joseph,;Strinnholm, Anders Magnus	 1
Laurentius Nicolai,;Laurentius Nicolai,;Laurentius Nicolai,;Laurentius Nicolai,;Laurentius Nicolai,;Laurentius Nicolai	 1
Laurentius Paulinus Gothus,;Laurentius Paulinus Gothus,;Laurentius Paulinus Gothus,;Laurentius Paulinus Gothus	 1
Lavater, Johann Caspar,;Lavater, Johann Caspar,;Lavater, Johann Caspar,;Lavater, Johann Caspar,;Lavater, Johann Caspar	 1
Lefrén, Johan Peter,;Lefrén, Johan Peter	 1
Lemwijk, Olof Swensson,;Lemwijk, Olof Swensson,;Hall, Joseph	 1
Lenaeus, Knut Nilsson	 1
Lenaeus, Knut Nilsson,;Hübner, Johann,;Hübner, Johann,;Hübner, Johann	 1
Lewenhaupt, Charles Emil	 1
Liliestråle, Joachim Wilhelm,;Liliestråle, Joachim Wilhelm	 1
Liljencrants, Johan,;Liljencrants, Johan,;Oskar;Oskar	 1
Lillieblad, Gustaf Peringer,;Lillieblad, Gustaf Peringer	 1
Linage de Vauciennes, Pierre,;Chanut, Pierre,;Kristina,;Kristina,;Kristina,;Kristina,;Kristina,;Kristina	 1
Lindahl, Olof	 1
Lindahl, Peter	 1
Lindblom, Jacob Axelsson,;Lindblom, Jacob Axelsson,;Lindblom, Jacob Axelsson,;Lindblom, Jacob Axelsson	 1
Lindecreutz, Justus Christoffer von	 1
Lindegren, Carl	 1
Lindhielm, Hedvig Eleonora	 1
Lindskog, Petter,;Lindskog, Petter,;Lindskog, Petter	 1
Ling, Per Henrik,;Ling, Per Henrik,;Ling, Per Henrik,;Ling, Per Henrik,;Ling, Per Henrik,;Ling, Per Henrik	 1
Linné, Carl von,;Linné, Carl von,;Linné, Carl von,;Linné, Carl von,;Linné, Carl von,;Linné, Carl von,;Linné, Carl von,;Linné, Carl von,;Linné, Carl von,;Linné, Carl von	 1
Linnerhielm, Jonas Carl	 1
Liscovius, Salomon	 1
Livijn, Clas,;Livijn, Clas,;Livijn, Clas,;Livijn, Clas	 1
Livius,;Livius,;Livius,;Livius,;Livius,;Livius	 1
Loenbom, Samuel,;Karl;Karl;Karl	 1
Lohman, Carl Johan	 1
Lorichs, Pehr Daniel,;Lorichs, Pehr Daniel	 1
Lovisa Ulrika	 1
Lovisa Ulrika,;Fredrik Adolf,;Fredrik Adolf	 1
Löwenhielm, Carl Axel	 1
Ludwig, Daniel	 1
Lundberg, Peter	 1
Lundblad, Sven,;Lundblad, Sven	 1
Lundelius, Anders	 1
Lundius, Carl,;Lundius, Carl	 1
Lundmark, Sven Daniel,;Lundmark, Sven Daniel	 1
Lundmark, Sven Daniel,;Lundmark, Sven Daniel,;Burney, Fanny,;Burney, Fanny,;Burney, Fanny	 1
Luth, Axel P.,;Luth, Axel P.	 1
Luther, Martin,;Luther, Martin,;Luther, Martin,;Luther, Martin,;Luther, Martin,;Boræn, Magnus,;Boræn, Magnus,;Boræn, Magnus	 1
Luther, Martin,;Luther, Martin,;Luther, Martin,;Luther, Martin,;Luther, Martin,;Chladni, Martin,;Chladni, Martin,;Chladni, Martin,;Chladni, Martin	 1
Luther, Martin,;Luther, Martin,;Luther, Martin,;Luther, Martin,;Luther, Martin,;Laurentius Paulinus Gothus,;Laurentius Paulinus Gothus,;Laurentius Paulinus Gothus,;Laurentius Paulinus Gothus	 1
Luther, Martin,;Luther, Martin,;Luther, Martin,;Luther, Martin,;Luther, Martin,;Luther, Martin,;Luther, Martin,;Luther, Martin,;Luther, Martin,;Luther, Martin,;Luther, Martin,;Luther, Martin,;Luther, Martin,;Luther, Martin,;Luther, Martin,;Lindblom, Jacob Axelsson,;Lindblom, Jacob Axelsson,;Lindblom, Jacob Axelsson,;Lindblom, Jacob Axelsson	 1
Luther, Martin,;Luther, Martin,;Luther, Martin,;Luther, Martin,;Luther, Martin,;Luther, Martin,;Luther, Martin,;Luther, Martin,;Luther, Martin,;Luther, Martin,;Luther, Martin,;Luther, Martin,;Luther, Martin,;Luther, Martin,;Luther, Martin,;Luther, Martin	 1
Mallet du Pan, Jacques,;Mallet du Pan, Jacques	 1
Malmström, Pehr,;Wallmark, Peter Adam,;Wallmark, Peter Adam,;Wallmark, Peter Adam	 1
Mannerskants, Nils,;Mannerskants, Nils	 1
Marées, Simon Ludwig Eberhard de	 1
Maupertuis, Pierre Louis Moreau de,;Maupertuis, Pierre Louis Moreau de,;Maupertuis, Pierre Louis Moreau de,;Maupertuis, Pierre Louis Moreau de,;Maupertuis, Pierre Louis Moreau de,;Maupertuis, Pierre Louis Moreau de,;Maupertuis, Pierre Louis Moreau de,;Maupertuis, Pierre Louis Moreau de	 1
Mees, Katarina,;Mees, Katarina,;Mees, Katarina,;Mees, Katarina,;Köler, Johann,;Köler, Johann	 1
Meissner, August Gottlieb	 1
Menabenus, Apollonius,;Menabenus, Apollonius	 1
Michael Johannis	 1
Michelessi, Domenico	 1
Mickel, Johann Friedrich	 1
Miller, Johann Peter	 1
Modeer, Adolph,;Modeer, Adolph	 1
Mohrbeck, Johan,;Sørensen, Niels,;Sørensen, Niels,;Sørensen, Niels,;Sørensen, Niels	 1
Molière,;Molière,;Molière,;Molière,;Molière	 1
Mollerus, Martin,;Mollerus, Martin,;Petrus Johannis,;Petrus Johannis,;Petrus Johannis	 1
Momma, Peter	 1
Momma, Peter,;Adolf Fredrik,;Adolf Fredrik	 1
Montesquieu, Charles-Louis de Secondat,;Montesquieu, Charles-Louis de Secondat,;Montesquieu, Charles-Louis de Secondat,;Montesquieu, Charles-Louis de Secondat	 1
Morgan,;Morgan,;Morgan,;Morgan,;Morgan,;Morgan	 1
Mörner, Carl Carlsson,;Mörner, Carl Carlsson,;Mörner, Carl Carlsson	 1
Mouhy, Charles de Fieux,;Mouhy, Charles de Fieux	 1
Müller, Johann Gottwerth,;Ekmanson, Johan Samuel	 1
Müller, Johannes von,;Müller, Johannes von,;Müller, Johannes von	 1
Munck af Rosenschöld, Eberhard Zacharias,;Munck af Rosenschöld, Eberhard Zacharias	 1
Murray, Adolph	 1
Nemesios,;Nemesios,;Nemesios,;Spegel, Haquin,;Spegel, Haquin,;Spegel, Haquin	 1
Nibelius, Johan,;Nibelius, Johan	 1
Nicander, Henrik	 1
Nicephorus Blemmydes,;Nicephorus Blemmydes,;Nicephorus Blemmydes,;Nicephorus Blemmydes,;Nicephorus Blemmydes,;Nicephorus Blemmydes	 1
Niemeyer, August Hermann	 1
Nohrborg, Daniel,;Nohrborg, Daniel,;Nohrborg, Daniel,;Nohrborg, Daniel	 1
Nordenflycht, Hedvig Charlotta,;Nordenflycht, Hedvig Charlotta,;Nordenflycht, Hedvig Charlotta,;Nordenflycht, Hedvig Charlotta,;Nordenflycht, Hedvig Charlotta,;Nordenflycht, Hedvig Charlotta,;Nordenflycht, Hedvig Charlotta,;Nordenflycht, Hedvig Charlotta,;Nordenflycht, Hedvig Charlotta,;Nordenflycht, Hedvig Charlotta	 1
Nordenhielm, Andreas,;Nordenhielm, Andreas,;Rudbeck, Olof,;Rudbeck, Olof,;Rudbeck, Olof	 1
Nordlander, Nils,;Nordlander, Nils	 1
Norvins, Jacques Marquet de Montbreton,;Norvins, Jacques Marquet de Montbreton,;Norvins, Jacques Marquet de Montbreton	 1
Nyerup, Rasmus	 1
Odel, Anders	 1
Odencrantz, Tor August,;Odencrantz, Tor August,;Odencrantz, Tor August,;Odencrantz, Tor August	 1
Olaus Petri,;Olaus Petri,;Olaus Petri,;Olaus Petri,;Olaus Petri,;Olaus Petri	 1
Olavus Sunonis	 1
Örneklou, Per	 1
Örnhjälm, Claudius,;Örnhjälm, Claudius,;Örnhjälm, Claudius,;Örnhjälm, Claudius,;Örnhjälm, Claudius,;Örnhjälm, Claudius,;Örnhjälm, Claudius,;Örnhjälm, Claudius,;Örnhjälm, Claudius	 1
Orrelius, Magnus,;Orrelius, Magnus,;Orrelius, Magnus,;Orrelius, Magnus,;Tillotson, John	 1
Outhier, Réginald,;Outhier, Réginald,;Outhier, Réginald,;Outhier, Réginald	 1
Oxenstierna, Johan Gabriel,;Chaux, Jean Marie Bernard de,;Gustav;Gustav	 1
Oxenstierna, Johan Gabriel,;Gustav;Gustav	 1
Padenheim, Daniel Wilhelm	 1
Palma, Jonas Germundi	 1
Palmblad, Vilhelm Fredrik,;Palmblad, Vilhelm Fredrik,;Palmblad, Vilhelm Fredrik,;Palmblad, Vilhelm Fredrik,;Palmblad, Vilhelm Fredrik,;Palmblad, Vilhelm Fredrik,;Palmblad, Vilhelm Fredrik	 1
Palmfelt, Gustaf,;Molière,;Molière,;Molière,;Molière,;Molière	 1
Palmfelt, Gustaf,;Ulrika Eleonora,;Ulrika Eleonora	 1
Palmqvist, Fredrik	 1
Palmsvärd, Johan Eric,;Palmsvärd, Johan Eric,;Palmsvärd, Johan Eric	 1
Patkul, Johan Reinold,;Patkul, Johan Reinold	 1
Peringskiöld, Johan Fredrik	 1
Petrus Johannis,;Petrus Johannis,;Petrus Johannis	 1
Pettersson, Abraham Zacharias,;Pettersson, Abraham Zacharias	 1
Phrygius, Sylvester	 1
Pindaros,;Pindaros,;Pindaros,;Pindaros,;Pindaros	 1
Polhem, Christopher	 1
Pontin, Magnus af,;Pontin, Magnus af	 1
Pontinus, Samuel	 1
Poppe, Johann Heinrich Moritz von,;Poppe, Johann Heinrich Moritz von,;Poppe, Johann Heinrich Moritz von,;Poppe, Johann Heinrich Moritz von,;Weltzin, Carolin,;Weltzin, Carolin	 1
Rabenius, Olof	 1
Rademine, Carl Eric	 1
Rademine, Carl Eric,;Campe, Joachim Heinrich	 1
Rademine, Carl Eric,;Goethe, Johann Wolfgang von,;Goethe, Johann Wolfgang von,;Goethe, Johann Wolfgang von,;Goethe, Johann Wolfgang von	 1
Ragotzky, Karl August,;Ragotzky, Karl August	 1
Rambach, Johann Jacob,;Rambach, Johann Jacob,;Rambach, Johann Jacob,;Rönigk, Olof	 1
Rappe, Carl	 1
Reenhielm, Jacob,;Reenhielm, Jacob	 1
Rehn, Jean Eric	 1
Reinhard, Franz Volkmar	 1
Retzius, Magnus Christian	 1
Rhyzelius, Andreas Olavi,;Flodin, Samuel,;Flodin, Samuel	 1
Rhyzelius, Andreas Olavi,;Pilecan, Petter Hansson;Pilecan, Petter Hansson	 1
Richter, August Gottlieb,;Richter, August Gottlieb,;Richter, August Gottlieb,;Richter, August Gottlieb,;Collin, Johan Gabriel	 1
Roberg, Lars,;Hoorn, Johan von,;Hoorn, Johan von	 1
Rogberg, Carl Georg,;Rogberg, Carl Georg	 1
Romanson, Henrik Wilhelm	 1
Ronander, Carl Wilhelm Henrik	 1
Rondeletius, Jacobus Petri,;Bohm, Lars Larsson,;Bohm, Lars Larsson,;Bohm, Lars Larsson	 1
Rönigk, Olof	 1
Roos, Magnus Friedrich,;Roos, Magnus Friedrich,;Roos, Magnus Friedrich,;Roos, Magnus Friedrich,;Roos, Magnus Friedrich	 1
Rosén von Rosenstein, Nils,;Rosén von Rosenstein, Nils,;Rosén von Rosenstein, Nils,;Rosén von Rosenstein, Nils,;Rosén von Rosenstein, Nils	 1
Rosenadler, Johan,;Rosenadler, Johan,;Rosenadler, Johan	 1
Rosenblad, Eberhard	 1
Rosenhane, Gustaf	 1
Roth, Carl Anders,;Roth, Carl Anders	 1
Rousseau, Jean-Jacques,;Rousseau, Jean-Jacques	 1
Rudbeck, Olof,;Rudbeck, Olof,;Rudbeck, Olof	 1
Rudenschöld, Carl,;Rudenschöld, Carl	 1
Ruder, Gustav,;Ruder, Gustav,;Ruder, Gustav	 1
Rydelius, Magnus,;Rydelius, Magnus	 1
Salzmann, Christian Gotthilf	 1
Sandels, Johan August	 1
Sandels, Samuel;Sandels, Samuel	 1
Scheffer, Carl Fredrik	 1
Schefferus, Johannes,;Schefferus, Johannes,;Schefferus, Johannes,;Schefferus, Johannes,;Schefferus, Johannes,;Guyet, François,;Guyet, François,;Phaedrus,;Phaedrus	 1
Schelling, Friedrich von,;Schelling, Friedrich von	 1
Schmedeman, Johan	 1
Schonæus, Cornelius,;Gezelius, Johannes,;Gezelius, Johannes	 1
Schönberg, Anders,;Gjörwell, Carl Christoffer,;Gjörwell, Carl Christoffer,;Gjörwell, Carl Christoffer	 1
Schröder, Herman,;Dippel, Johann Conrad,;Dippel, Johann Conrad,;Dippel, Johann Conrad,;Dippel, Johann Conrad	 1
Schröder, Johan Henrik,;Schröder, Johan Henrik	 1
Schröderheim, Elis	 1
Schubert, Gotthilf Heinrich von	 1
Schultén, Nathanael Gerhard af,;Wolff, Christian von,;Wolff, Christian von,;Wolff, Christian von,;Wolff, Christian von,;Wolff, Christian von,;Wolff, Christian von	 1
Schulz, Friedrich,;Schulz, Friedrich	 1
Schulzenheim, Conrad Theodor von,;Schulzenheim, Conrad Theodor von	 1
Schütz, Johann Jacob	 1
Schützercrantz, Herman	 1
Scott, Walter,;Scott, Walter,;Heun, Carl Gottlieb Samuel,;Heun, Carl Gottlieb Samuel	 1
Scott, Walter,;Scott, Walter,;Napoleon;Napoleon;Napoleon;Napoleon;Napoleon;Napoleon;Napoleon	 1
Sebell, Georg Peter	 1
Segerstedt, Albrecht Julius,;Segerstedt, Albrecht Julius	 1
Seiler, Georg Friedrich,;Seiler, Georg Friedrich	 1
Shakespeare, William,;Shakespeare, William,;Shakespeare, William,;Shakespeare, William,;Shakespeare, William,;Shakespeare, William,;Shakespeare, William,;Shakespeare, William,;Shakespeare, William,;Shakespeare, William,;Scheutz, Georg	 1
Sigismund,;Sigismund,;Sigismund,;Sigismund,;Sigismund,;Sigismund,;Karl;Karl;Karl	 1
Sillén, Georg Axel af	 1
Silverstolpe, Gustaf Abraham,;Silverstolpe, Gustaf Abraham	 1
Silvius, Elias,;Silvius, Elias,;Silvius, Elias	 1
Šiškov, Aleksandr Semenovič,;Šiškov, Aleksandr Semenovič	 1
Sjögren, Håkan,;Sjögren, Håkan	 1
Sjöström, Axel Gabriel	 1
Skjöldebrand, Eric,;Skjöldebrand, Eric,;Skjöldebrand, Eric,;Skjöldebrand, Eric,;Skjöldebrand, Eric,;Vergilius Maro, Publius,;Vergilius Maro, Publius,;Vergilius Maro, Publius,;Vergilius Maro, Publius,;Vergilius Maro, Publius,;Vergilius Maro, Publius,;Vergilius Maro, Publius,;Vergilius Maro, Publius,;Vergilius Maro, Publius,;Vergilius Maro, Publius,;Vergilius Maro, Publius,;Vergilius Maro, Publius	 1
Smollett, Tobias George	 1
Snellman, Henric	 1
Sofia Magdalena,;Gustav;Gustav	 1
Sommelius, Gustaf Johan,;Sommelius, Gustaf Johan,;Sommelius, Gustaf Johan	 1
Sondén, Per Adolf,;Sondén, Per Adolf,;Hammarsköld, Lorenzo	 1
Spak, Olof,;Spak, Olof,;Spak, Olof	 1
Sparre, Axel Wrede	 1
Sparschuch, Johan	 1
Spegel, Haquin,;Spegel, Haquin,;Spegel, Haquin	 1
Spener, Philipp Jacob,;Spener, Philipp Jacob,;Spener, Philipp Jacob	 1
Spiess, Christian Heinrich,;Spiess, Christian Heinrich,;Spiess, Christian Heinrich	 1
Sprengtport, Carl Henrik,;Palmstruch, Georg Reinhold	 1
Staël von Holstein, Corfitz Ludvig,;Staël von Holstein, Corfitz Ludvig	 1
Stamberg, Anders Henrik,;Stamberg, Anders Henrik,;Westman, Olof,;Westman, Olof,;Westman, Olof,;Westman, Olof,;Westman, Olof,;Westman, Olof,;Westman, Olof,;Westman, Olof,;Westman, Olof,;Westman, Olof	 1
Stenhammar, Christian	 1
Stenhammar, Christian,;Palmblad, Vilhelm Fredrik,;Palmblad, Vilhelm Fredrik,;Palmblad, Vilhelm Fredrik,;Palmblad, Vilhelm Fredrik,;Palmblad, Vilhelm Fredrik,;Palmblad, Vilhelm Fredrik,;Palmblad, Vilhelm Fredrik	 1
Sterne, Laurence	 1
Stierngranat, Carl Johan	 1
Stiernman, Anders Anton von,;Stiernman, Anders Anton von,;Stiernman, Anders Anton von,;Stiernman, Anders Anton von	 1
Stjerneld, Adolf, Ludvig	 1
Stjerngranat, Henric	 1
Stjernstolpe, Jonas Magnus,;Stjernstolpe, Jonas Magnus,;Arndt, Ernst Moritz	 1
Stjernstolpe, Jonas Magnus,;Stjernstolpe, Jonas Magnus,;Müller, Johann Gottwerth	 1
Stobæus, Andreas	 1
Stobæus, Nils,;Stobæus, Nils,;Stobæus, Nils	 1
Strauch, Aegidius,;Strauch, Aegidius	 1
Strokirch, Henning Adolph von	 1
Strömer, Mårten	 1
Sundevall, Matthias	 1
Svedelius, Pehr,;Svedelius, Pehr,;Svedelius, Pehr,;Svedelius, Pehr,;Svedelius, Pehr,;Svedelius, Pehr,;Svedelius, Pehr	 1
Sveno-Wivallius, Johannes Svenonis,;Sveno-Wivallius, Johannes Svenonis	 1
Svenonius, Enevald	 1
Swedenborg, Emanuel,;Swedenborg, Emanuel,;Swedenborg, Emanuel,;Swedenborg, Emanuel,;Swedenborg, Emanuel,;Swedenborg, Emanuel	 1
Swedenborg, Emanuel,;Swedenborg, Emanuel,;Swedenborg, Emanuel,;Swedenborg, Emanuel,;Swedenborg, Emanuel,;Swedenborg, Emanuel,;Swedenborg, Emanuel	 1
Swedenborg, Emanuel,;Swedenborg, Emanuel,;Swedenborg, Emanuel,;Swedenborg, Emanuel,;Swedenborg, Emanuel,;Swedenborg, Emanuel,;Swedenborg, Emanuel,;Swedenborg, Emanuel	 1
Swedenborg, Emanuel,;Swedenborg, Emanuel,;Swedenborg, Emanuel,;Swedenborg, Emanuel,;Swedenborg, Emanuel,;Swedenborg, Emanuel,;Swedenborg, Emanuel,;Swedenborg, Emanuel,;Swedenborg, Emanuel,;Swedenborg, Emanuel	 1
Swift, Jonathan,;Swift, Jonathan	 1
Tavaststjerna, Carl Gustaf	 1
Tengström, Jacob	 1
Tessin, Carl Gustaf,;Ungern-Sternberg, Matthias Alexander von	 1
Thersner, Ulrik	 1
Thiebaut de Berneaud, Arsenne	 1
Thomæus, Jöran Jacob	 1
Thomas a Kempis,;Thomas a Kempis,;Thomas a Kempis,;Thomas a Kempis,;Thomas a Kempis,;Thomas a Kempis,;Thomas a Kempis,;Thomas a Kempis	 1
Thomas a Kempis,;Thomas a Kempis,;Thomas a Kempis,;Thomas a Kempis,;Thomas a Kempis,;Thomas a Kempis,;Thomas a Kempis,;Thomas a Kempis,;Preutz, Laurentius Johannis,;Preutz, Laurentius Johannis	 1
Thomas Georgii	 1
Thun, Josef	 1
Thunberg, Carl Peter,;Thunberg, Carl Peter	 1
Thunman, Hans	 1
Tiällmann, Nils	 1
Tidén, Lars	 1
Tiderus, Arvid	 1
Tiderus, Arvid,;Chytraeus, Nathan,;Chytraeus, Nathan,;Chytraeus, Nathan,;Olaus Nicolai	 1
Tillotson, John,;Orrelius, Magnus,;Orrelius, Magnus,;Orrelius, Magnus,;Orrelius, Magnus	 1
Tingstadius, Johan Adam,;Tingstadius, Johan Adam,;Tingstadius, Johan Adam,;Tingstadius, Johan Adam	 1
Törneblad, Bengt Johan	 1
Törneblad, Bengt Johan,;Schiller, Friedrich von,;Schiller, Friedrich von,;Schiller, Friedrich von,;Schiller, Friedrich von,;Schiller, Friedrich von,;Schiller, Friedrich von	 1
Törner, Johan Johansson,;Törner, Johan Johansson,;Törner, Johan Johansson,;Törner, Johan Johansson,;Törner, Johan Johansson,;Törner, Johan Johansson,;Törner, Johan Johansson	 1
Tranér, Johan Vindician,;Tranér, Johan Vindician,;Livius,;Livius,;Livius,;Livius,;Livius,;Livius	 1
Tuneld, Eric	 1
Tybeck, Johan,;Tybeck, Johan	 1
Tybeck, Johan,;Tybeck, Johan,;Swedenborg, Emanuel,;Swedenborg, Emanuel,;Swedenborg, Emanuel,;Swedenborg, Emanuel,;Swedenborg, Emanuel,;Swedenborg, Emanuel,;Deleen, Carl Erik,;Deleen, Carl Erik,;Swedenborg, Emanuel,;Swedenborg, Emanuel,;Swedenborg, Emanuel,;Swedenborg, Emanuel	 1
Uhr, Carl David af,;Uhr, Carl David af,;Uhr, Carl David af,;Uhr, Carl David af	 1
Ungern-Sternberg, Matthias Alexander von	 1
Ungern-Sternberg, Matthias Alexander von,;Fredrik;Fredrik;Fredrik;Fredrik	 1
Ungius, Nicolaus Theodori	 1
Valerius, Johan David	 1
Varnhagen von Ense, Karl August,;Varnhagen von Ense, Karl August,;Varnhagen von Ense, Karl August	 1
Venus, Carl Wilhelm Fröberg	 1
Verelius, Olof,;Verelius, Olof	 1
Vergilius Maro, Publius,;Vergilius Maro, Publius,;Vergilius Maro, Publius,;Vergilius Maro, Publius,;Vergilius Maro, Publius,;Vergilius Maro, Publius,;Vergilius Maro, Publius,;Vergilius Maro, Publius,;Vergilius Maro, Publius	 1
Villars, Nicolas de Montfaucon de,;Villars, Nicolas de Montfaucon de,;Villars, Nicolas de Montfaucon de,;Sahlstedt, Abraham,;Sahlstedt, Abraham,;Sahlstedt, Abraham,;Sahlstedt, Abraham	 1
Vogel, Christian	 1
Voltaire,;Voltaire,;Voltaire,;Voltaire,;Voltaire,;Dancourt, L. H.;Florian, Jean-Pierre Claris de,;Envallsson, Carl	 1
Voltaire,;Voltaire,;Voltaire,;Voltaire,;Voltaire,;Voltaire,;Voltaire,;Voltaire,;Voltaire	 1
Wadström, Carl Niclas,;Wadström, Carl Niclas	 1
Wahlbom, Carl Adolph,;Wahlbom, Carl Adolph,;Wahlbom, Carl Adolph,;Wahlbom, Carl Adolph,;Wahlbom, Carl Adolph,;Wahlbom, Carl Adolph,;Wahlbom, Carl Adolph,;Fant, Eric Michael,;Fant, Eric Michael,;Fant, Eric Michael,;Fant, Eric Michael,;Fant, Eric Michael,;Fant, Eric Michael,;Fant, Eric Michael,;Fant, Eric Michael,;Fant, Eric Michael,;Fant, Eric Michael,;Fant, Eric Michael,;Fant, Eric Michael	 1
Wahlenberg, Göran	 1
Wahrman, Sven Niclas,;Wagener, Samuel Christoph,;Wagener, Samuel Christoph	 1
Walbom, Eric Göran,;Walbom, Eric Göran,;Walbom, Eric Göran,;Walbom, Eric Göran,;Walbom, Eric Göran,;Walbom, Eric Göran,;Walbom, Eric Göran,;Walbom, Eric Göran,;Walbom, Eric Göran,;Walbom, Eric Göran,;Walbom, Eric Göran	 1
Wallenius, Anders	 1
Wallenstedt, Lars	 1
Wallin, Georg,;Wallin, Georg,;Wallin, Georg	 1
Wallmark, Peter Adam,;Wallmark, Peter Adam,;Wallmark, Peter Adam	 1
Wallmark, Peter Adam,;Wallmark, Peter Adam,;Wallmark, Peter Adam,;Curtius Rufus, Quintus,;Curtius Rufus, Quintus,;Curtius Rufus, Quintus,;Curtius Rufus, Quintus,;Curtius Rufus, Quintus	 1
Warg, Cajsa,;Warg, Cajsa	 1
Wargentin, Pehr Wilhelm,;Wargentin, Pehr Wilhelm	 1
Wedel-Jarlsberg, Herman,;Wedel-Jarlsberg, Herman,;Wedel-Jarlsberg, Herman,;Karl;Karl;Karl;Karl;Karl;Karl;Karl;Karl;Karl;Karl;Karl	 1
Weikard, Melchior Adam,;Weikard, Melchior Adam,;Weikard, Melchior Adam,;Gjörwell, Carl Christoffer,;Gjörwell, Carl Christoffer,;Gjörwell, Carl Christoffer	 1
Werving, Johan Gabriel,;Werving, Johan Gabriel	 1
Wetterbergh, Johan,;Wetterbergh, Johan,;Lavater, Johann Caspar,;Lavater, Johann Caspar,;Lavater, Johann Caspar,;Lavater, Johann Caspar,;Lavater, Johann Caspar	 1
Wezel, Johann Carl	 1
Wiberg, Magnus,;Wiberg, Magnus	 1
Wilde, Anders	 1
Wingård, Carl Fredrik af,;Wingård, Carl Fredrik af,;Wingård, Carl Fredrik af,;Wingård, Carl Fredrik af,;Wingård, Carl Fredrik af,;Wingård, Carl Fredrik af	 1
Wingård, Carl Fredrik af,;Wingård, Carl Fredrik af,;Wingård, Carl Fredrik af,;Wingård, Carl Fredrik af,;Wingård, Carl Fredrik af,;Wingård, Carl Fredrik af,;Godhe, Anders,;Godhe, Anders,;Godhe, Anders	 1
Wingård, Johan Didrik af	 1
Wolff, Johan Bernhard	 1
Wollin, Christian,;Wollin, Christian	 1
Wollin, Christian,;Wollin, Christian,;Munck af Rosenschöld, Eberhard Zacharias,;Munck af Rosenschöld, Eberhard Zacharias	 1
Wollstonecraft, Mary,;Wollstonecraft, Mary	 1
Wulfila,;Wulfila,;Junius, Franciscus,;Junius, Franciscus,;Stiernhielm, Georg,;Stiernhielm, Georg,;Stiernhielm, Georg,;Stiernhielm, Georg,;Stiernhielm, Georg,;Stiernhielm, Georg,;Stiernhielm, Georg,;Stiernhielm, Georg,;Stiernhielm, Georg,;Stiernhielm, Georg,;Stiernhielm, Georg,;Stiernhielm, Georg,;Stiernhielm, Georg,;Stiernhielm, Georg	 1
Zacharias Johannis	 1
Zeipel, Carl von,;Haeffner, Johann Christian Friedrich	 1
Zetterstén, Erik	 1
Ziervogel, Evald	 1
Zöge von Manteuffel, Otto Jacob	 1
Zschokke, Heinrich	 1
